Comuna;Año.de.Elección;Candidato..a.;Sigla.Partido;Votos.Totales;Porcentaje.2021;Electo;Lista
ARICA;2021;250. LUIS IVAN PAREDES FIERRO;IND;7614;11.95;;M
ARICA;2021;251. GERARDO ALFREDO ESPINDOLA ROJAS;PL;20992;32.94;Electo;XS
ARICA;2021;252. GIANCARLO BALTOLU QUINTANO;EVOPOLI;5395;8.47;;XX
ARICA;2021;253. PAUL EDUARDO CARVAJAL QUIROZ;PH;5867;9.21;;XY
ARICA;2021;254. RAYKO ALEJANDRO KARMELIC PAVLOV;IND;6906;10.84;;IND
ARICA;2021;255. LEONARDO ENRIQUE BORQUEZ CASTILLO;IND;4334;6.8;;IND
ARICA;2021;256. RICARDO LUIS SANZANA OTEIZA;IND;7096;11.14;;IND
ARICA;2021;257. CARLOS RAUL VALCARCE MEDINA;IND;4398;6.9;;IND
ARICA;2021;258. RAFAEL DEL CARMEN ORTEGA ALIAGA;IND;1118;1.75;;IND
CAMARONES;2021;250. CRISTIAN JAVIER ZAVALA SOTO;PDC;585;33.74;Electo;XU
CAMARONES;2021;251. RICARDO CEPEDA SOTO;UDI;419;24.16;;XX
CAMARONES;2021;252. VLADIMIR GUSTAVO CACERES SALINAS;IND;137;7.9;;IND
CAMARONES;2021;253. MARTIN RICARDO MONTECINOS ROMERO;IND;543;31.31;;IND
CAMARONES;2021;254. JAVIER ENRIQUE DIAZ CALDERON;IND;50;2.88;;IND
GENERAL LAGOS;2021;250. ROSA MAITA QUERQUEZANA;IND;92;12.4;;K
GENERAL LAGOS;2021;251. ALEX CASTILLO BLAS;RN;374;50.4;Electo;XX
GENERAL LAGOS;2021;252. FLORENCIO MARTIN VILLANUEVA SARCO;IND;276;37.2;;IND
PUTRE;2021;250. LINO MAMANI VICENTE;PPD;366;16.23;;K
PUTRE;2021;251. SERGIO DAVID GAMBOA MORALES;IND;86;3.81;;M
PUTRE;2021;252. MARICEL GUTIERREZ CASTRO;IND;1303;57.78;Electo;IND
PUTRE;2021;253. CRISTIAN ANDRES BILBAO APATA;IND;500;22.17;;IND
ALTO HOSPICIO;2021;250. PATRICIO FERREIRA RIVERA;PDC;6833;36.46;Electo;XU
ALTO HOSPICIO;2021;251. CAMILA ARCE FAJARDO;IND;2457;13.11;;XX
ALTO HOSPICIO;2021;252. RENE DANIEL CACERES ARAYA;IND;1653;8.82;;IND
ALTO HOSPICIO;2021;253. JORGE ZAVALA VALENZUELA;IND;2191;11.69;;IND
ALTO HOSPICIO;2021;254. GERMAN ANTONIO QUIROZ CANCINO;IND;3462;18.47;;IND
ALTO HOSPICIO;2021;255. PAULA ANDREA ASTUDILLO DIAZ;IND;2145;11.45;;IND
CAMINA;2021;250. ALEX DEMETRIO CARLOS SANCHEZ;IND;372;25.36;;M
CAMINA;2021;251. MARINA DEL CARMEN LUNA PLATERO;RN;499;34.01;;XX
CAMINA;2021;252. EVELYN MAMANI VIZA;IND;596;40.63;Electo;IND
COLCHANE;2021;250. JAVIER IGNACIO GARCIA CHOQUE;IND;1120;64.29;Electo;XU
COLCHANE;2021;251. ANDRES GARCIA FLORES;UDI;622;35.71;;XX
HUARA;2021;250. OSCAR PANTOJA TORO;PS;232;9;;K
HUARA;2021;251. JOSE BARTOLO VINAYA;UDI;1463;56.75;Electo;XX
HUARA;2021;252. PAMELA ISABEL CARVAJAL CARLOS;IND;42;1.63;;IND
HUARA;2021;253. CARLOS ENRIQUE SILVA RIQUELME;IND;841;32.62;;IND
IQUIQUE;2021;250. MAURICIO SORIA MACCHIAVELLO;IND;28345;46.34;Electo;K
IQUIQUE;2021;251. MATIAS FELIPE RAMIREZ PASCAL;PCCH;13528;22.12;;M
IQUIQUE;2021;252. DANIELA CECILIA SOLARI VEGA;IND;12513;20.46;;XX
IQUIQUE;2021;253. FRANCISCO ALCAYAGA MOTTA;IND;6784;11.09;;XZ
PICA;2021;250. RODRIGO FERNANDO VARGAS BRIONES;PR;1159;33.3;;K
PICA;2021;251. IVAN INFANTE CHACON;IND;2086;59.93;Electo;XX
PICA;2021;252. LEONEL ANTONIO VILAXA RAMIREZ;IND;236;6.78;;XY
POZO ALMONTE;2021;250. RICHARD GODOY AGUIRRE;PDC;2922;53.99;Electo;XU
POZO ALMONTE;2021;251. JOSE FERNANDO MUÑOZ CACERES;IND;1586;29.31;;XX
POZO ALMONTE;2021;252. EDWIN GONZALO LOPEZ PAVEZ;IND;904;16.7;;IND
ANTOFAGASTA;2021;250. WILSON DIAZ VASQUEZ;PS;11333;10.98;;K
ANTOFAGASTA;2021;251. PABLO ANDRES IRIARTE RAMIREZ;PCCH;17254;16.72;;M
ANTOFAGASTA;2021;252. ROBERTO CARLOS SOTO ALBALLAY;UDI;8871;8.59;;XX
ANTOFAGASTA;2021;253. FABIAN OSSANDON BRICEÑO;IND;11646;11.28;;IND
ANTOFAGASTA;2021;254. JONATHAN RODRIGO VELASQUEZ RAMIREZ;IND;26875;26.04;Electo;IND
ANTOFAGASTA;2021;255. SEBASTIAN PATRICIO VIDELA CASTILLO;IND;17294;16.76;;IND
ANTOFAGASTA;2021;256. MARIA INES VERDUGO ESCOBAR;IND;9941;9.63;;IND
CALAMA;2021;250. ELIECER DANIEL CHAMORRO VARGAS;FREVS;11528;25.67;Electo;M
CALAMA;2021;251. MIGUEL ALBERTO BALLESTEROS CANDIA;RD;3586;7.99;;XS
CALAMA;2021;252. CAROLINA PAZ LATORRE CRUZ;PDC;6891;15.35;;XU
CALAMA;2021;253. DANIEL AGUSTO PEREZ;RN;9895;22.03;;XX
CALAMA;2021;254. DINKA SOLANGE LOPEZ DURAN;NT;2859;6.37;;YG
CALAMA;2021;255. JORGE RICHARD OLIVARES PUENTES;IND;6738;15;;IND
CALAMA;2021;256. LEDY OSANDON FERRER;IND;3409;7.59;;IND
MARIA ELENA;2021;250. JORGE GODOY BOLVARAN;PS;337;15.76;;K
MARIA ELENA;2021;251. OMAR NORAMBUENA RIVERA;IND;1056;49.39;Electo;XX
MARIA ELENA;2021;252. CRISTIAN ALBERTO GARRIDO GARRIDO;PH;299;13.99;;XY
MARIA ELENA;2021;253. VIVIANA CUELLO RIVERA;IND;446;20.86;;IND
MEJILLONES;2021;250. MARCELINO SEGUNDO CARVAJAL FERREIRA;PPD;2840;54.26;Electo;K
MEJILLONES;2021;251. RODRIGO ALEJANDRO SANCHEZ ALVAREZ;RN;326;6.23;;XX
MEJILLONES;2021;252. ENRIQUE ALEJANDRO VENEGAS AVENDAÑO;IND;1754;33.51;;IND
MEJILLONES;2021;253. SERGIO ELIAS VEGA VENEGAS;IND;314;6;;IND
OLLAGUE;2021;250. VICTOR NINA HUANCA;PPD;177;22.78;;K
OLLAGUE;2021;251. YESSICA ANGELICA MAMANI MORALES;FREVS;32;4.12;;M
OLLAGUE;2021;252. MARLENE PAMELA HURTADO MENDOZA;IND;73;9.4;;XS
OLLAGUE;2021;253. MARCOS AURELIO GAETE FLORES;UDI;205;26.38;;XX
OLLAGUE;2021;254. HUMBERTO JOSE FLORES GONZALEZ;IND;290;37.32;;IND
SAN PEDRO DE ATACAMA;2021;250. MARIA TERESA VELIZ GUERRA;PR;1035;27.3;;K
SAN PEDRO DE ATACAMA;2021;251. JUSTO ALEXIS ZULETA SANTANDER;IND;1106;29.17;Electo;M
SAN PEDRO DE ATACAMA;2021;252. ALIRO CATUR ZULETA;IND;509;13.43;;XX
SAN PEDRO DE ATACAMA;2021;253. MANUEL ALEJANDRO GARRIDO HERMOSILLA;IND;730;19.26;;IND
SAN PEDRO DE ATACAMA;2021;254. SERGIO LUIS CUBILLOS VERASAY;IND;411;10.84;;IND
SIERRA GORDA;2021;250. INGRID GUERRERO GUERRERO;PS;390;30.98;;K
SIERRA GORDA;2021;251. ADRIANA RIVERA VEGA;RN;412;32.72;;XX
SIERRA GORDA;2021;252. DEBORAH DEL PILAR PAREDES CUEVAS;IND;457;36.3;Electo;IND
TALTAL;2021;250. SERGIO BELMOR ORELLANA MONTEJO;PR;923;18.59;;K
TALTAL;2021;251. MARIO GILBERTO ACUÑA VILLALOBOS;IND;1381;27.81;;IND
TALTAL;2021;252. GUILLERMO GRICERIO HIDALGO OCAMPO;IND;2170;43.7;Electo;IND
TALTAL;2021;253. PATRICIA DEBORA MUJICA SILVA;IND;313;6.3;;IND
TALTAL;2021;254. MESAC MOLGAS MUSTAFA;IND;179;3.6;;IND
TOCOPILLA;2021;250. PABLO PINASCO YAÑEZ;PPD;120;1.45;;K
TOCOPILLA;2021;251. JAIME PATRICIO ROJAS ALATA;COMUNES;101;1.22;;XS
TOCOPILLA;2021;252. JORGE PEREZ GUAMAN;RN;1046;12.64;;XX
TOCOPILLA;2021;253. JUAN ENRIQUE ARRIAZA GAJARDO;IND;368;4.45;;IND
TOCOPILLA;2021;254. LJUBICA ELENA KURTOVIC CORTES;IND;3583;43.28;Electo;IND
TOCOPILLA;2021;255. LUIS RAFAEL MOYANO CRUZ;IND;2131;25.74;;IND
TOCOPILLA;2021;256. GONZALO EUGENIO COVARRUBIAS FIGUEROA;IND;929;11.22;;IND
ALTO DEL CARMEN;2021;250. CRISTIAN DIDY OLIVARES IRIARTE;PR;1493;52.29;Electo;K
ALTO DEL CARMEN;2021;251. DIANA LOBOS GAJARDO;RN;1362;47.71;;XX
CALDERA;2021;250. BRUNILDA GONZALEZ ANJEL;PPD;3805;52.69;Electo;K
CALDERA;2021;251. EMILIO BIANCHI CAÑAS;RN;2128;29.47;;XX
CALDERA;2021;252. BERNARDO HEVIA GARRIDO;IND;276;3.82;;XZ
CALDERA;2021;253. CAROLINA INES GONZALEZ HERNANDEZ;IND;1013;14.03;;IND
CHANARAL;2021;250. MARGARITA ALICIA FLORES SALAZAR;PR;2169;40.61;Electo;K
CHANARAL;2021;251. RAUL SALAS AGUILERA;IND;1754;32.84;;XX
CHANARAL;2021;252. NELIDA FRANCISCA VALENCIA FIGUEROA;IND;365;6.83;;IND
CHANARAL;2021;253. MELISSA ANDREA VARAS MONSALVE;IND;1053;19.72;;IND
COPIAPO;2021;250. LUIS GABRIEL MARCOS PEREZ;IND;4778;10.87;;M
COPIAPO;2021;251. INTI SALAMANCA FERNANDEZ;COMUNES;9433;21.47;;XS
COPIAPO;2021;252. MARCOS LOPEZ RIVERA;IND;10481;23.85;Electo;XU
COPIAPO;2021;253. MAXIMILIANO ALBERTO BARRIONUEVO GARCIA;IND;10413;23.7;;XX
COPIAPO;2021;254. OSCAR EDUARDO ARAYA CAMPOS;IND;8840;20.12;;XY
DIEGO DE ALMAGRO;2021;250. ALONSO YERKO GUERRA RIVERA;PR;301;5.87;;K
DIEGO DE ALMAGRO;2021;251. MARIA TORREJON ROJAS;PCCH;2230;43.51;;M
DIEGO DE ALMAGRO;2021;252. MARIO ARAYA ROJAS;RN;2594;50.61;Electo;XX
FREIRINA;2021;250. CESAR ORELLANA ORELLANA;PS;2085;68;Electo;K
FREIRINA;2021;251. NICOLAS GALLARDO MARTINEZ;RN;981;32;;XX
HUASCO;2021;250. CARMEN HIDALGO NARRIAS;PPD;257;5.78;;K
HUASCO;2021;251. RONY ACUÑA BORQUEZ;UDI;1234;27.75;;XX
HUASCO;2021;252. DANIEL DESIDERIO DIAZ TIRADO;IND;1290;29.01;;IND
HUASCO;2021;253. GENARO BRICEÑO TAPIA;IND;1666;37.46;Electo;IND
TIERRA AMARILLA;2021;250. JOEL CARRIZO DIAZ;PS;445;7.47;;K
TIERRA AMARILLA;2021;251. CRISTOBAL ZUÑIGA ARANCIBIA;PCCH;2853;47.89;Electo;M
TIERRA AMARILLA;2021;252. CARLOS ROBERTO CAMPBELL ARAYA;RD;728;12.22;;XS
TIERRA AMARILLA;2021;253. CAROLINA GANGAS SOBARZO;IND;765;12.84;;XX
TIERRA AMARILLA;2021;254. YHANSS DELGADO QUEVEDO;IND;825;13.85;;IND
TIERRA AMARILLA;2021;255. LUIS PACHECO PACHECO;IND;211;3.54;;IND
TIERRA AMARILLA;2021;256. MONICA ALEJANDRA FUENTES RUBILAR;IND;130;2.18;;IND
VALLENAR;2021;250. KARINA ZARATE RODRIGUEZ;IND;3543;20.19;;K
VALLENAR;2021;251. PEDRO PABLO OGALDE MENESES;IND;2392;13.63;;XX
VALLENAR;2021;252. ALEXIS DEL CARMEN LEMUS CAMPILLAY;IND;1498;8.54;;IND
VALLENAR;2021;253. VICTOR ISLA LUTZ;IND;4645;26.47;;IND
VALLENAR;2021;254. IVAN MASCAREÑA SANTANA;IND;369;2.1;;IND
VALLENAR;2021;255. ARMANDO FLORES JIMENEZ;IND;5101;29.07;Electo;IND
ANDACOLLO;2021;250. WILSON NUÑEZ ZEPEDA;PS;1897;31.64;;K
ANDACOLLO;2021;251. ANGELA GUERRA ARAYA;IND;907;15.13;;XX
ANDACOLLO;2021;252. EDUARDO ALEJANDRO DUARTE YAÑEZ;IGUALDAD;219;3.65;;XY
ANDACOLLO;2021;253. GERALD ALBERT CERDA PIZARRO;IND;2678;44.67;Electo;IND
ANDACOLLO;2021;254. CRISTIAN ESCALANTE VEGA;IND;294;4.9;;IND
CANELA;2021;250. BERNARDO LEYTON LEMUS;PCCH;2736;51.76;Electo;M
CANELA;2021;251. RUBEN ORLANDO CORTES CAMPUSANO;IND;2374;44.91;;XU
CANELA;2021;252. MARCIAL RUBEN SALAS CORTES;RN;176;3.33;;XX
COMBARBALA;2021;250. SERGIO HONOFRE ARAYA RAMIREZ;PCCH;478;8.73;;M
COMBARBALA;2021;251. KATHERINE SOLEDAD GALLEGUILLOS ZEPEDA;IND;667;12.18;;XS
COMBARBALA;2021;252. PEDRO CASTILLO DIAZ;PDC;2484;45.36;Electo;XU
COMBARBALA;2021;253. RENAN UGALDE MEZA;IND;1476;26.95;;IND
COMBARBALA;2021;254. EGIDIO BALTAZAR UGALDE GOMEZ;IND;371;6.78;;IND
COQUIMBO;2021;250. FERNANDO VIVEROS REYES;PCCH;12122;19.12;;M
COQUIMBO;2021;251. MARCELO PEREIRA PERALTA;PDC;8067;12.73;;XU
COQUIMBO;2021;252. PEDRO ANTONIO CASTILLO CASTILLO;UDI;6750;10.65;;XX
COQUIMBO;2021;253. RICARDO VITALY LEDEZMA JIMENEZ;IND;10207;16.1;;IND
COQUIMBO;2021;254. ALI MANOUCHEHRI MOGHADAM KASHAN LOBOS;IND;20973;33.08;Electo;IND
COQUIMBO;2021;255. MOIRA NAVEA DIAZ;IND;5275;8.32;;IND
ILLAPEL;2021;250. PATRICIO EDUARDO ASTUDILLO VALENCIA;CONVERGEN.;511;3.93;;XS
ILLAPEL;2021;251. DENIS CORTES AGUILERA;PDC;5247;40.33;Electo;XU
ILLAPEL;2021;252. ERNESTINA SARMIENTO RIVERA;IND;586;4.5;;XX
ILLAPEL;2021;253. RICARDO CASTILLO CASTILLO;IND;1656;12.73;;IND
ILLAPEL;2021;254. LUIS LEMUS ARACENA;IND;5011;38.51;;IND
LA HIGUERA;2021;250. UBERLINDA AQUEA BARRAZA;PS;1093;43.93;;K
LA HIGUERA;2021;251. YERKO GALLEGUILLOS OSSANDON;UDI;1395;56.07;Electo;XX
LA SERENA;2021;250. ROBERTO ELIAS JACOB JURE;PR;23721;34.43;Electo;K
LA SERENA;2021;251. ALEX FERNANDO GARRIDO TAPIA;COMUNES;11767;17.08;;XS
LA SERENA;2021;252. VICTOR HUGO CASTAÑEDA VARGAS;IND;15213;22.08;;XX
LA SERENA;2021;253. JUAN CARLOS THENOUX CIUDAD;IND;12050;17.49;;IND
LA SERENA;2021;254. CLAUDIO ISMAEL PIÑA NOVOA;IND;6149;8.92;;IND
LOS VILOS;2021;250. MANUEL MARCARIAN JULIO;PCCH;1330;16.8;;M
LOS VILOS;2021;251. PATRICIO ALBERTO ARAUCO REYES;CONVERGEN.;1393;17.59;;XS
LOS VILOS;2021;252. MACARENA NAVEA ESPINOZA;RN;1035;13.07;;XX
LOS VILOS;2021;253. CHRISTIAN GROSS HIDALGO;IND;1899;23.98;Electo;IND
LOS VILOS;2021;254. OSCAR PEREIRA PERALTA;IND;790;9.98;;IND
LOS VILOS;2021;255. JUAN JALET HISI ESPINOZA;IND;851;10.75;;IND
LOS VILOS;2021;256. JOCELYN ALEJANDRA TORDECILLA JORQUERA;IND;620;7.83;;IND
MONTE PATRIA;2021;250. HERNAN BORQUEZ CASTILLO;IND;622;5.29;;M
MONTE PATRIA;2021;251. CAMILO OSSANDON ESPINOZA;PDC;3912;33.29;;XU
MONTE PATRIA;2021;252. DARIO MOLINA SANHUEZA;IND;689;5.86;;XX
MONTE PATRIA;2021;253. CRISTIAN HERRERA PEÑA;IND;6530;55.56;Electo;IND
OVALLE;2021;250. MIGUEL SOLIS VIERA;PCCH;2005;6.25;;M
OVALLE;2021;251. MARIO ALEJANDRO BARRIOS ROJAS;IND;2892;9.01;;XS
OVALLE;2021;252. WLADIMIR PLETICOSIC ORELLANA;PDC;8497;26.47;;XU
OVALLE;2021;253. RODRIGO GALVEZ PEREZ;PH;1520;4.73;;XY
OVALLE;2021;254. CLAUDIO FERMIN RENTERIA LARRONDO;IND;13601;42.36;Electo;IND
OVALLE;2021;255. HECTOR ENRIQUE MALUENDA CAÑETE;IND;2023;6.3;;IND
OVALLE;2021;256. JEANNETTE DEL CARMEN MEDINA ARAYA;IND;1567;4.88;;IND
PAIHUANO;2021;250. LORENZO ROBERTO TORRES MEDINA;IND;956;29.19;;K
PAIHUANO;2021;251. HERNAN AHUMADA AHUMADA;RN;1663;50.78;Electo;XX
PAIHUANO;2021;252. MARIO ALFONSO ROJAS ROJAS;IND;656;20.03;;IND
PUNITAQUI;2021;250. HUGO BRAYAN BOLADOS TAPIA;CONVERGEN.;312;6.35;;XS
PUNITAQUI;2021;251. HERMES DIAZ RIVERA;EVOPOLI;370;7.53;;XX
PUNITAQUI;2021;252. PEDRO HUMBERTO ARAYA ZEPEDA;IND;789;16.06;;IND
PUNITAQUI;2021;253. MARTA ANGELICA CARVAJAL CORTES;IND;1042;21.21;;IND
PUNITAQUI;2021;254. PEDRO ALEJANDRO VALDIVIA RAMIREZ;IND;421;8.57;;IND
PUNITAQUI;2021;255. CARLOS ANTONIO ARAYA BUGUEÑO;IND;1079;21.96;Electo;IND
PUNITAQUI;2021;256. CEDELINDA CARMEN VALDIVIA MORENO;IND;900;18.32;;IND
RIO HURTADO;2021;250. ROSA URQUETA GAHONA;PDC;377;15.06;;XU
RIO HURTADO;2021;251. SOLANO DE LA RIVERA CORTES;UDI;472;18.86;;XX
RIO HURTADO;2021;252. CARMEN JUANA OLIVARES DE LA RIVERA;IND;1147;45.83;Electo;IND
RIO HURTADO;2021;253. EDGARD BENJAMIN ANJEL VELIZ;IND;507;20.26;;IND
SALAMANCA;2021;250. LUIS ALEGRE ALCOTA;PCCH;1296;12.78;;M
SALAMANCA;2021;251. ALEJANDRO EMILIO TELLO ARATA;IND;158;1.56;;IND
SALAMANCA;2021;252. GERARDO ANDRES ROJAS ESCUDERO;IND;3170;31.26;Electo;IND
SALAMANCA;2021;253. MARCELA MARGARITA DIAZ PALACIO;IND;525;5.18;;IND
SALAMANCA;2021;254. ANGEL LEONARDO GONZALEZ AGUILERA;IND;1746;17.22;;IND
SALAMANCA;2021;255. JOHNNY PATRICIO VINET SIAS;IND;330;3.25;;IND
SALAMANCA;2021;256. YERKO EDISON OCTAVIO AVALOS VILLARROEL;IND;1236;12.19;;IND
SALAMANCA;2021;257. FERNANDO ALFREDO GALLARDO PEREIRA;IND;1208;11.91;;IND
SALAMANCA;2021;258. MARIO ENRIQUE CHAVEZ RAMIREZ;IND;473;4.66;;IND
VICUNA;2021;250. RAFAEL VERA CASTILLO;PDC;5303;44.97;Electo;XU
VICUNA;2021;251. MARIO AROS CARVAJAL;IND;4654;39.47;;XX
VICUNA;2021;252. EUGENIA DE LAS MARIAS CIFUENTES LILLO;IND;1834;15.55;;IND
ALGARROBO;2021;250. JOSE LUIS YAÑEZ MALDONADO;UDI;3817;51.12;Electo;XX
ALGARROBO;2021;251. EDUARDO EUGENIO SALGADO REYES;UPA;167;2.24;;ZB
ALGARROBO;2021;252. JESSICA MARCELA GARCIA PHILLIPS;IND;1354;18.13;;IND
ALGARROBO;2021;253. SANTIAGO VERA TORREALBA;IND;2129;28.51;;IND
CABILDO;2021;250. CLAUDIO ALEXIS GODOY TORO;CONVERGEN.;674;8.22;;XS
CABILDO;2021;251. VICTOR DONOSO OYANEDEL;PDC;4274;52.15;Electo;XU
CABILDO;2021;252. LUIS ALBERTO RODRIGUEZ SANHUEZA;RN;352;4.3;;XX
CABILDO;2021;253. ALBERTO PATRICIO ALIAGA DIAZ;IND;2145;26.17;;IND
CABILDO;2021;254. MARIO SEGUNDO ALVARADO OSORIO;IND;750;9.15;;IND
CALERA;2021;250. CINTHY MAGDALENA MISKULINI ARAYA;PCCH;2167;11.31;;M
CALERA;2021;251. IVANNA GONZALEZ VILLALOBOS;CONVERGEN.;1651;8.62;;XS
CALERA;2021;252. EDUARDO MARTINEZ MACHUCA;PDC;4412;23.03;;XU
CALERA;2021;253. TRINIDAD ROJO AUGUSTO;RN;2008;10.48;;XX
CALERA;2021;254. JOHNNY PIRAINO MENESES;IND;6538;34.13;Electo;IND
CALERA;2021;255. NICOLAS ALEJANDRO CHAHUAN VELIZ;IND;1792;9.36;;IND
CALERA;2021;256. CLAUDIO JOSE ENRIQUE MERINO CEREIJO;IND;587;3.06;;IND
CALLE LARGA;2021;250. DINA GONZALEZ ALFARO;PS;3304;57.8;Electo;K
CALLE LARGA;2021;251. JUAN VILLARROEL SALINAS;RN;1576;27.57;;XX
CALLE LARGA;2021;252. MARCELO PATRICIO CASTILLO VARAS;PH;836;14.63;;XY
CARTAGENA;2021;250. RODRIGO GARCIA TAPIA;PPD;4395;53.89;Electo;K
CARTAGENA;2021;251. BERNARDO LUIS ALVAREZ GARCIA;COMUNES;3091;37.9;;XS
CARTAGENA;2021;252. RAUL EDUARDO LORCA MERINO;PRI;669;8.2;;XX
CASABLANCA;2021;250. IVAN DURAN PALMA;IND;2613;24.14;;K
CASABLANCA;2021;251. FRANCISCO JAVIER RIQUELME LOPEZ;RD;4284;39.58;Electo;XS
CASABLANCA;2021;252. RODRIGO MARTINEZ ROCA;RN;3928;36.29;;XX
CATEMU;2021;250. FELIPE GONZALEZ ARANCIBIA;PDC;1571;26.79;;XU
CATEMU;2021;251. HARRY BAILEY VALENZUELA;IND;745;12.7;;XX
CATEMU;2021;252. BENJAMIN KOCH CHACON;IND;1001;17.07;;IND
CATEMU;2021;253. RODRIGO DIAZ BRITO;IND;2204;37.58;Electo;IND
CATEMU;2021;254. MANUEL HUMBERTO ARANCIBIA MORALES;IND;344;5.87;;IND
CONCON;2021;250. MARCIAL ORTIZ FLORES;PDC;931;4.21;;XU
CONCON;2021;251. JORGE ANTONIO VALDOVINOS GOMEZ;IND;3738;16.9;;XX
CONCON;2021;252. MARCIA LORENA TAPIA NAVIA;UPA;789;3.57;;ZB
CONCON;2021;253. LUIS RIVERA CANEO;IND;3512;15.88;;IND
CONCON;2021;254. FREDDY ANTONIO RAMIREZ VILLALOBOS;IND;4884;22.08;Electo;IND
CONCON;2021;255. PABLO ESTEBAN ROJAS DAYDI;IND;4068;18.39;;IND
CONCON;2021;256. RICARDO ANDRES URENDA HERENCIA;IND;4199;18.98;;IND
EL QUISCO;2021;250. MARIO GONZALO PEREZ BARRERA;PCCH;1731;22.19;;M
EL QUISCO;2021;251. DANIA CONTRERAS JIMENEZ;PDC;1789;22.94;;XU
EL QUISCO;2021;252. KARIME CHAMAL ORMEÑO;RN;1474;18.9;;XX
EL QUISCO;2021;253. JOSE JOFRE BUSTOS;IND;2806;35.97;Electo;IND
EL TABO;2021;250. ALFONSO MUÑOZ ARAVENA;PS;2460;35.28;Electo;K
EL TABO;2021;251. GLORIA CARRASCO NUÑEZ;RN;1311;18.8;;XX
EL TABO;2021;252. LUIS ALEJANDRO GARCIA JOFRE;IND;1431;20.52;;IND
EL TABO;2021;253. RODRIGO TOBAR GALLARDO;IND;1021;14.64;;IND
EL TABO;2021;254. VERONICA ROJAS ARENAS;IND;312;4.48;;IND
EL TABO;2021;255. YURI JOANN RAVEST FRITZ;IND;437;6.27;;IND
HIJUELAS;2021;250. KAREN FIGUEROA LOPEZ;IND;1763;24.25;;XX
HIJUELAS;2021;251. FERNANDO AMADOR CARRASCO CABRERA;PH;166;2.28;;XY
HIJUELAS;2021;252. JOSE RAFAEL SAAVEDRA IBACACHE;IND;2936;40.39;Electo;IND
HIJUELAS;2021;253. SERGIO JOSE SANCHEZ ROJAS;IND;2405;33.08;;IND
ISLA DE PASCUA;2021;250. PEDRO PABLO EDMUNDS PAOA;PRO;2170;63.75;Electo;XU
ISLA DE PASCUA;2021;251. JULIO ARAKI TEPANO;UDI;474;13.92;;XX
ISLA DE PASCUA;2021;252. IVONNE NAHOE ZAMORA;IND;760;22.33;;IND
JUAN FERNANDEZ;2021;250. PABLO ANDRES MANRIQUEZ ANGULO;IND;511;79.6;Electo;K
JUAN FERNANDEZ;2021;251. DIEGO FELIPE LEON TUDELA;IND;131;20.4;;XX
LA CRUZ;2021;250. FILOMENA NAVIA HEVIA;PS;3817;44.29;Electo;K
LA CRUZ;2021;251. MIRENTXU ARRAZTOA LARRONDO;UDI;3770;43.74;;XX
LA CRUZ;2021;252. ANDRES LEIVA VALENCIA;IND;1032;11.97;;INC
LA LIGUA;2021;250. RICARDO FERREIRA FERREIRA;PS;1708;11.73;;K
LA LIGUA;2021;251. RUBEN SALVADOR DIAZ TAPIA;PCCH;1269;8.72;;M
LA LIGUA;2021;252. JUAN IBACACHE IBACACHE;RN;3681;25.28;;XX
LA LIGUA;2021;253. CLARISA DE LAS MERCEDES SECO TAPIA;UPA;664;4.56;;ZB
LA LIGUA;2021;254. GARY LEIVA ROJO;IND;572;3.93;;IND
LA LIGUA;2021;255. PATRICIO DANIEL PALLARES VALENZUELA;IND;6665;45.78;Electo;IND
LIMACHE;2021;250. SEBASTIAN ENRIQUE BALBONTIN BUSTAMANTE;RD;6152;34.48;;XS
LIMACHE;2021;251. DANIEL MORALES ESPINDOLA;RN;6586;36.91;Electo;XX
LIMACHE;2021;252. FRANCISCO JAVIER ARIAS TERUEL;UPA;386;2.16;;ZB
LIMACHE;2021;253. DANILO SANDOVAL SARABIA;IND;4720;26.45;;IND
LLAY LLAY;2021;250. CARLOS JAVIER MIRANDA ROZAS;PCCH;2112;20.83;;M
LLAY LLAY;2021;251. EDGARDO GONZALEZ ARANCIBIA;PDC;5927;58.46;Electo;XU
LLAY LLAY;2021;252. FERNANDO ASTORGA TERRAZA;IND;2100;20.71;;XX
LOS ANDES;2021;250. MARCELO DAVID MERINO VERGARA;PR;4426;18.63;;K
LOS ANDES;2021;251. MIGUEL ALEX HENRIQUEZ CELEDON;PCCH;5407;22.75;;M
LOS ANDES;2021;252. BENIGNO ALEJANDRO RETAMAL RODRIGUEZ;IND;6256;26.33;;XS
LOS ANDES;2021;253. MANUEL RIVERA MARTINEZ;UDI;7674;32.29;Electo;XX
NOGALES;2021;250. JONATHAN MOISES VASQUEZ LEON;PCCH;1966;19.7;;M
NOGALES;2021;251. RICARDO ALIAGA GOMEZ;PDC;2985;29.91;;XU
NOGALES;2021;252. MARGARITA OSORIO PIZARRO;IND;5030;50.4;Electo;XX
OLMUE;2021;250. RAMON ROLANDO FREZ ARANCIBIA;REPUBLICA.;156;2.03;;XO
OLMUE;2021;251. ALEJANDRO COLLAO REYES;IND;860;11.2;;XU
OLMUE;2021;252. JAVIER ENRIQUE PUIGGROS VOGEL;EVOPOLI;1651;21.5;;XX
OLMUE;2021;253. JORGE ELIAS JIL HERRERA;PH;3880;50.53;Electo;XY
OLMUE;2021;254. NOEMI SUSANA CACERES ROJAS;IND;804;10.47;;IND
OLMUE;2021;255. ANITA MARIA VERGARA ESTAY;IND;328;4.27;;IND
PANQUEHUE;2021;250. GONZALO VERGARA LIZANA;PDC;2005;50.05;Electo;XU
PANQUEHUE;2021;251. MARGARITA ANDREA VELEZ MALGUE;UDI;1548;38.64;;XX
PANQUEHUE;2021;252. MAGALI SEPULVEDA CONTRERAS;IND;453;11.31;;IND
PAPUDO;2021;250. RAQUEL JUDITH GONZALEZ ESPINOSA;RD;98;2.22;;XS
PAPUDO;2021;251. JAIME AHUMADA ROBLES;PDC;777;17.62;;XU
PAPUDO;2021;252. CLAUDIA ADASME DONOSO;RN;1296;29.38;Electo;XX
PAPUDO;2021;253. MARCEL HENRI CLAUDE REYES;UPA;89;2.02;;ZB
PAPUDO;2021;254. RODOLFO ENRIQUE FERNANDEZ ALFARO;IND;1292;29.29;;IND
PAPUDO;2021;255. MANUEL ALEJANDRO BERRIOS MORALES;IND;859;19.47;;IND
PETORCA;2021;250. RODRIGO CUEVAS VIVANCO;PDC;1004;20.95;;XU
PETORCA;2021;251. GUSTAVO ABEL HENRIQUEZ TOLEDO;IND;890;18.57;;XX
PETORCA;2021;252. MONICA ISABEL FLORES VIVANCO;IGUALDAD;344;7.18;;XY
PETORCA;2021;253. GONZALO ARENAS FLORES;IND;1032;21.54;;IND
PETORCA;2021;254. MOISES SAAVEDRA CASTRO;IND;140;2.92;;IND
PETORCA;2021;255. IGNACIO GAMALIER VILLALOBOS HENRIQUEZ;IND;1382;28.84;Electo;IND
PUCHUNCAVI;2021;250. JAVIERA TAMARA GAETE MENDOZA;PR;669;7.33;;K
PUCHUNCAVI;2021;251. MARCOS MORALES URETA;IND;3482;38.13;Electo;XX
PUCHUNCAVI;2021;252. ANA ROSA VILLARROEL PACHECO;IND;1280;14.02;;IND
PUCHUNCAVI;2021;253. ELIANA OLMOS SOLIS;IND;2449;26.82;;IND
PUCHUNCAVI;2021;254. HUGO MOISES ROJAS JULIO;IND;911;9.98;;IND
PUCHUNCAVI;2021;255. EDUARDO VEAS OGAZ;IND;341;3.73;;IND
PUTAENDO;2021;250. FABIAN MUÑOZ DIAZ;PS;1209;18.93;;K
PUTAENDO;2021;251. JAVIER BLAS PIZARRO GAJARDO;PCCH;335;5.24;;M
PUTAENDO;2021;252. VERONICA ALEJANDRA BARRERA ALFARO;CONVERGEN.;273;4.27;;XS
PUTAENDO;2021;253. ULISES TOBAR CASSI;PDC;303;4.74;;XU
PUTAENDO;2021;254. JULIO OSVALDO ARAVENA CESPEDES;RN;1145;17.92;;XX
PUTAENDO;2021;255. JULIO EVARISTO CALDERON CORTES;IND;242;3.79;;IND
PUTAENDO;2021;256. PATRICIO ERNESTO GONZALEZ NUÑEZ;IND;1031;16.14;;IND
PUTAENDO;2021;257. MAURICIO ANTONIO QUIROZ CHAMORRO;IND;1231;19.27;Electo;IND
PUTAENDO;2021;258. LORENA SOLEDAD VELIZ FLORES;IND;619;9.69;;IND
QUILLOTA;2021;250. YERKO IGOR GUTIERREZ ALVAREZ;FREVS;2670;8.93;;M
QUILLOTA;2021;251. MAURICIO AVILA PINO;PDC;7954;26.61;;XU
QUILLOTA;2021;252. CRISTIAN CERDA SCHNEIDER;RN;2745;9.18;;XX
QUILLOTA;2021;253. OSCAR CALDERON SANCHEZ;IND;16520;55.27;Electo;IND
QUILPUE;2021;250. CESAR EDMUNDO TORRES CHINCHON;PCCH;1567;2.73;;M
QUILPUE;2021;251. VALERIA ANDREA MELIPILLAN FIGUEROA;CONVERGEN.;19007;33.14;Electo;XS
QUILPUE;2021;252. CHRISTIAN CARDENAS SILVA;PDC;14590;25.43;;XU
QUILPUE;2021;253. AMELIA HERRERA SILVA;RN;9177;16;;XX
QUILPUE;2021;254. CLAUDIO IVAN GALARCE GONZALEZ;PH;701;1.22;;XY
QUILPUE;2021;255. VERONICA ANDREA SOTOMAYOR PEREZ;UPA;430;0.75;;ZB
QUILPUE;2021;256. MAURICIO RENE OYARCE VERA;IND;9227;16.09;;IND
QUILPUE;2021;257. ROSA YASMINA HORMAZABAL RODRIGUEZ;IND;2663;4.64;;IND
QUINTERO;2021;250. FELIPE VERGARA LUCERO;RN;1698;15.4;;XX
QUINTERO;2021;251. JORGE SAN MARTIN GUTIERREZ;IND;1553;14.09;;IND
QUINTERO;2021;252. MAURICIO CARRASCO PARDO;IND;6208;56.32;Electo;IND
QUINTERO;2021;253. OSCAR RIVEROS MENA;IND;474;4.3;;IND
QUINTERO;2021;254. EDUARDO HUMBERTO CARREÑO PINTO;IND;802;7.28;;IND
QUINTERO;2021;255. OSCAR GABRIEL POBLETE INOSTROZA;IND;288;2.61;;IND
RINCONADA;2021;250. PEDRO CABALLERIA DIAZ;PDC;1615;27.07;;XU
RINCONADA;2021;251. JUAN GALDAMES CARMONA;IND;2293;38.44;Electo;XX
RINCONADA;2021;252. JULIO CESAR BUCAREY ZELAYA;IND;585;9.81;;IND
RINCONADA;2021;253. JUAN ANTONIO LOBOS VIGUERA;IND;1093;18.32;;IND
RINCONADA;2021;254. GABRIELA ALEJANDRA RUBILAR LOPEZ;IND;379;6.35;;IND
SAN ANTONIO;2021;250. CAROLINE MIREILLE SIREAU GUAJARDO;COMUNES;3026;8.73;;XS
SAN ANTONIO;2021;251. JORGE JORQUERA CASTRO;PDC;7055;20.36;;XU
SAN ANTONIO;2021;252. MARCELO MUÑOZ MORALES;RN;2813;8.12;;XX
SAN ANTONIO;2021;253. JUAN MANUEL OLIVARES MEZA;IND;4894;14.12;;XY
SAN ANTONIO;2021;254. CONSTANZA LIZANA SIERRA;IND;10563;30.48;Electo;IND
SAN ANTONIO;2021;255. MANUEL ALEJANDRO VILLATORO JEREZ;IND;6306;18.2;;IND
SAN ESTEBAN;2021;250. JULIO CONTRERAS TAPIA;PS;1586;18.67;;K
SAN ESTEBAN;2021;251. SERGIO REYES COLARTE;IND;525;6.18;;IND
SAN ESTEBAN;2021;252. JOSE MANUEL BRAVO HIDALGO;IND;1857;21.86;;IND
SAN ESTEBAN;2021;253. CHRISTIAN ORTEGA VILLAGRAS;IND;4527;53.29;Electo;IND
SAN FELIPE;2021;250. CARMEN CASTILLO TAUCHER;IND;8406;33.13;Electo;K
SAN FELIPE;2021;251. BORIS CRISTIAN AEDO TORRES;PCCH;2290;9.03;;M
SAN FELIPE;2021;252. FRANCISCA BELLO CAMPOS;CONVERGEN.;3482;13.73;;XS
SAN FELIPE;2021;253. CHRISTIAN BEALS CAMPOS;RN;5241;20.66;;XX
SAN FELIPE;2021;254. PATRICIO FREIRE CANTO;IND;5950;23.45;;IND
SANTA MARIA;2021;250. MANUEL ENRIQUE LEON SAA;PPD;3385;58.66;Electo;K
SANTA MARIA;2021;251. MATIAS FELIPE GONZALEZ MORALES;IND;478;8.28;;M
SANTA MARIA;2021;252. MARISOL PONCE CISTERNA;UDI;814;14.11;;XX
SANTA MARIA;2021;253. MARCO ANTONIO CORTEZ LLOPIS;IND;1094;18.96;;IND
SANTO DOMINGO;2021;250. ROMY FARIAS CABALLERO;PDC;2357;35.37;;XU
SANTO DOMINGO;2021;251. DINO PAOLO LOTITO FLORES;RN;4306;64.63;Electo;XX
VALPARAISO;2021;250. MARCELO BARRAZA VIVAR;PDC;8089;7.04;;XU
VALPARAISO;2021;251. CARLOS BANNEN GONZALEZ;UDI;25379;22.08;;XX
VALPARAISO;2021;252. LUIS GUILLERMO SCHWAIGER RIVERA;UPA;1371;1.19;;ZB
VALPARAISO;2021;253. CLAUDIO ANDRES REYES STEVENS;IND;7599;6.61;;IND
VALPARAISO;2021;254. MARCELA CORTES GONZALEZ;IND;7652;6.66;;IND
VALPARAISO;2021;255. JORGE SHARP FAJARDO;IND;64832;56.41;Electo;IND
VILLA ALEMANA;2021;250. HEINRICH KASPER WITTIG BARRETO;PR;4531;11.04;;K
VILLA ALEMANA;2021;251. ANGELO GUSTAVO BARCHIESI CHAVEZ;REPUBLICA.;4494;10.95;;XO
VILLA ALEMANA;2021;252. CRISTIAN ALEJANDRO LUNA SALINAS;IND;4859;11.83;;XS
VILLA ALEMANA;2021;253. JOSE SABAT SRUR;IND;3887;9.47;;XX
VILLA ALEMANA;2021;254. NELSON FERNANDO ESTAY MOLINA;IND;5374;13.09;;IND
VILLA ALEMANA;2021;255. JAVIERA TOLEDO MUÑOZ;IND;17913;43.63;Electo;IND
VINA DEL MAR;2021;250. MARCELA VARAS FUENTES;PPD;20692;16.09;;K
VINA DEL MAR;2021;251. MACARENA CAROLINA RIPAMONTI SERRANO;RD;49532;38.51;Electo;XS
VINA DEL MAR;2021;252. ANDREA MOLINA OLIVA;IND;27683;21.52;;XX
VINA DEL MAR;2021;253. JORGE RAUL ESTAY OLGUIN;UPA;1953;1.52;;ZB
VINA DEL MAR;2021;254. JORGE LUIS ESCUDERO SALINAS;IND;3371;2.62;;IND
VINA DEL MAR;2021;255. ALAND TAPIA SAN CRISTOBAL;IND;3840;2.99;;IND
VINA DEL MAR;2021;256. MARLEN ANDREA OLIVARI MAYER;IND;1872;1.46;;IND
VINA DEL MAR;2021;257. RODRIGO VATTUONE GARCES;IND;13638;10.6;;IND
VINA DEL MAR;2021;258. PAULA LORENA ARRIAGADA ORTIZ;IND;4802;3.73;;IND
VINA DEL MAR;2021;259. CRISTIAN DANIEL MAYORGA HEVIA;IND;1253;0.97;;IND
ZAPALLAR;2021;250. GUSTAVO ALESSANDRI BASCUÑAN;IND;3709;59.29;Electo;XX
ZAPALLAR;2021;251. GUILLERMO IGNACIO MARCONE OSORIO;IND;2547;40.71;;IND
ALHUE;2021;250. ROBERTO TORRES HUERTA;PDC;2645;78.05;Electo;XU
ALHUE;2021;251. EUGENIA GARATE PONCE;IND;639;18.86;;IND
ALHUE;2021;252. MIRIAM BRAVO SOTO;IND;105;3.1;;IND
BUIN;2021;250. PATRICIO ENRIQUE SILVA GONZALEZ;PPD;8701;25.35;;K
BUIN;2021;251. MIGUEL ARAYA LOBOS;UDI;14378;41.9;Electo;XX
BUIN;2021;252. ROLANDO ARNOLDO MEZA ROMAN;PH;714;2.08;;XY
BUIN;2021;253. RODRIGO CERDA CANDIA;PEV;5131;14.95;;XZ
BUIN;2021;254. NIBALDO ANDRES FLORES NAVARRO;IND;4292;12.51;;IND
BUIN;2021;255. JUAN ARTURO PRAT ALLENDES;IND;1101;3.21;;IND
CALERA DE TANGO;2021;250. CONSTANZA VALENZUELA ROCUANT;IND;4484;39.13;;XU
CALERA DE TANGO;2021;251. HORTENSIA MORA CATALAN;UDI;4864;42.45;Electo;XX
CALERA DE TANGO;2021;252. MARCO ANTONIO JOFRE MUÑOZ;IND;2110;18.42;;IND
CERRILLOS;2021;250. ARTURO AGUIRRE GACITUA;PS;6126;21.37;;K
CERRILLOS;2021;251. ALFREDO EUGENIO PEÑALOZA FIGUEROA;PCCH;2310;8.06;;M
CERRILLOS;2021;252. MARIA LUISA FIGUEROA GARRIDO;COMUNES;3811;13.29;;XS
CERRILLOS;2021;253. ALEJANDRO ISIDORO ALMENDARES CALDERON;IND;7424;25.89;;XX
CERRILLOS;2021;254. LORENA FACUSE ROJAS;IND;9002;31.4;Electo;IND
CERRO NAVIA;2021;250. MAGALY ACEVEDO ESCARATE;EVOPOLI;6212;14.05;;XX
CERRO NAVIA;2021;251. MAURO TAMAYO ROZAS;IND;33480;75.73;Electo;IND
CERRO NAVIA;2021;252. IRIS LILIAN MORALES OLIVARES;IND;4517;10.22;;IND
COLINA;2021;250. ELISA ESTER GALVEZ ESPINACE;RD;2334;5.64;;XS
COLINA;2021;251. ANDRES VASQUEZ MEDINA;PDC;8846;21.38;;XU
COLINA;2021;252. ISABEL VALENZUELA AHUMADA;UDI;11312;27.34;Electo;XX
COLINA;2021;253. RIGOBERTO ARISTIDES MANSILLA MANSILLA;IND;873;2.11;;XY
COLINA;2021;254. ALEJANDRA BRAVO HIDALGO;IND;2456;5.94;;IND
COLINA;2021;255. MAURICIO MORAN AVENDAÑO;IND;6114;14.78;;IND
COLINA;2021;256. ALEJANDRA ALVAREZ CHAPARRO;IND;1140;2.76;;IND
COLINA;2021;257. GONZALO TORRES FERRARI;IND;8303;20.07;;IND
CONCHALI;2021;250. JEANNETTE JARA ROMAN;PCCH;8994;18.78;;
CONCHALI;2021;251. ALEJANDRO VARGAS GONZALEZ;PDC;7552;15.77;;XU
CONCHALI;2021;252. RODRIGO CARAMORI DONOSO;PRI;2483;5.18;;XX
CONCHALI;2021;253. ERICK MARCO ANTONIO COÑOMAN GARAY;PH;6812;14.22;;XY
CONCHALI;2021;254. RENE DE LA VEGA FUENTES;IND;13769;28.75;Electo;IND
CONCHALI;2021;255. MARCELA ROSALES BELMAR;IND;5943;12.41;;IND
CONCHALI;2021;256. MARIA ELENA VALENZUELA PINO;IND;2345;4.9;;IND
CURACAVI;2021;250. ARIADNE PATRICIA CONTE CHASSIN-TRUBERT;PCCH;3281;24.23;;M
CURACAVI;2021;251. JUAN PABLO BARROS BASSO;IND;5444;40.21;Electo;XX
CURACAVI;2021;252. CESAR ANDRES RETAMAL MONSALVES;UPA;180;1.33;;ZB
CURACAVI;2021;253. RAFAEL JIMENEZ SALAZAR;IND;1829;13.51;;IND
CURACAVI;2021;254. CHRISTIAN HERNANDEZ VILLANUEVA;IND;2806;20.72;;IND
EL BOSQUE;2021;250. MANUEL ZUÑIGA AGUILAR;PS;16448;31.51;Electo;K
EL BOSQUE;2021;251. HECTOR CATALDO GONZALEZ;IND;3461;6.63;;M
EL BOSQUE;2021;252. RAMONA FILOMENA MIRANDA ESPINOZA;IND;7946;15.22;;XS
EL BOSQUE;2021;253. PATRICIA ARRIAGADA NUÑEZ;UDI;10588;20.28;;XX
EL BOSQUE;2021;254. MARCELO OLIVARES FIGUEROA;PEV;3979;7.62;;XZ
EL BOSQUE;2021;255. RAFAEL MAURICIO HENRIQUEZ SOTELO;UPA;659;1.26;;ZB
EL BOSQUE;2021;256. SEBASTIAN VEGA UMATINO;IND;9122;17.47;;IND
EL MONTE;2021;250. FRANCISCO GOMEZ RAMIREZ;PS;4834;34.94;Electo;K
EL MONTE;2021;251. JOHN GENERAL ALVAREZ;UDI;2030;14.67;;XX
EL MONTE;2021;252. FRANCISCO VALDES REYES;IGUALDAD;3138;22.68;;XY
EL MONTE;2021;253. ROSSANA SANHUEZA MUÑOZ;IND;3366;24.33;;IND
EL MONTE;2021;254. FERNANDO ARMIJO MUÑOZ;IND;467;3.38;;IND
ESTACION CENTRAL;2021;250. ANGELICA CID VENEGAS;PS;12842;27.03;;K
ESTACION CENTRAL;2021;251. FELIPE EDUARDO MUÑOZ VALLEJOS;IND;27722;58.35;Electo;XS
ESTACION CENTRAL;2021;252. GUSTAVO HASBUN SELUME;UDI;6942;14.61;;XX
HUECHURABA;2021;250. CARLOS CUADRADO PRATS;PPD;20724;56.52;Electo;K
HUECHURABA;2021;251. MIGUEL ANGEL RAMIREZ MIRANDA;IND;6785;18.5;;XS
HUECHURABA;2021;252. REMZA DELIC SASSO;IND;5303;14.46;;XX
HUECHURABA;2021;253. DANIEL BUSTOS AGUAYO;IND;3855;10.51;;XY
INDEPENDENCIA;2021;250. AMERICA LOPEZ MORIS;PDC;2196;7.18;;XU
INDEPENDENCIA;2021;251. JUAN CARLOS GAZMURI BARKER;IND;6888;22.52;;XX
INDEPENDENCIA;2021;252. RENE MIRANDA BARRALES;IGUALDAD;2000;6.54;;XY
INDEPENDENCIA;2021;253. GONZALO DURAN BARONTI;IND;16644;54.41;Electo;IND
INDEPENDENCIA;2021;254. MARGARITA GARRIDO ACEVEDO;IND;2860;9.35;;IND
ISLA DE MAIPO;2021;250. CARLOS FRANCISCO ADASME GODOY;PDC;5018;36.72;;XU
ISLA DE MAIPO;2021;251. JUAN PABLO OLAVE CAMBARA;IND;5167;37.81;Electo;XX
ISLA DE MAIPO;2021;252. CARLOS ANTONIO MAUREIRA NAVARRETE;IND;2966;21.7;;XY
ISLA DE MAIPO;2021;253. PEDRO KUNSTMANN PEREZ;IND;515;3.77;;IND
LA CISTERNA;2021;250. ORLANDO MORALES BECERRA;PPD;6742;19.23;;K
LA CISTERNA;2021;251. LORENA CRISTINA MENESES QUIROZ;CONVERGEN.;4518;12.89;;XS
LA CISTERNA;2021;252. PATRICIA ACEVEDO GONZALEZ;UDI;6398;18.25;;XX
LA CISTERNA;2021;253. IRMA PEREZ LLANQUIN;PEV;2777;7.92;;XZ
LA CISTERNA;2021;254. MARIA VICTORIA MORA GUZMAN;IND;4637;13.23;;IND
LA CISTERNA;2021;255. JOEL OLMOS ESPINOZA;IND;9987;28.49;Electo;IND
LA FLORIDA;2021;250. NICOLAS HURTADO ACUÑA;PCCH;43294;28.16;;M
LA FLORIDA;2021;251. CAMILO ANDRE BASTIAS FLORES;CIUDADANOS;8906;5.79;;XU
LA FLORIDA;2021;252. RODOLFO CARTER FERNANDEZ;IND;90206;58.67;Electo;XX
LA FLORIDA;2021;253. JUAN CARLOS ZURITA MEDINA;PEV;11338;7.37;;XZ
LA GRANJA;2021;250. CLAUDIO ARRIAGADA MACAYA;IND;11883;28.05;;M
LA GRANJA;2021;251. GERMAN ANDRES PINO MATURANA;COMUNES;7974;18.82;;XS
LA GRANJA;2021;252. LUIS FELIPE DELPIN AGUILAR;PDC;19594;46.26;Electo;XU
LA GRANJA;2021;253. CARLOS SEAMAN PONCE;RN;1634;3.86;;XX
LA GRANJA;2021;254. PATRICIA ELENA VALENZUELA SANDOVAL;UPA;1274;3.01;;ZB
LA PINTANA;2021;250. CLAUDIA GERLENE PIZARRO PEÑA;PDC;21061;42.33;Electo;XU
LA PINTANA;2021;251. ROBIN BUSTAMANTE MOLINA;UDI;2915;5.86;;XX
LA PINTANA;2021;252. GUILLERMO BENAVIDES AGUIRRE;IND;9593;19.28;;IND
LA PINTANA;2021;253. RENE DIAZ JORQUERA;IND;13435;27;;IND
LA PINTANA;2021;254. JORGE NUÑEZ SANDOVAL;IND;2752;5.53;;IND
LA REINA;2021;250. SARA MARIA CAMPOS SALLATO;PDC;22344;43.25;;XU
LA REINA;2021;251. JOSE MANUEL PALACIOS PARRA;UDI;29323;;;XX
LAMPA;2021;250. GIORDANO FERNANDO DELPIN PINO;RD;3976;14.48;;XS
LAMPA;2021;251. CARLOS ANDRES ESCOBAR TOBLER;PDC;9084;33.09;;XU
LAMPA;2021;252. CAMILO ESCOBAR ORTUZAR;RN;4467;16.27;;XX
LAMPA;2021;253. RICARDO NOE REYES CIFUENTES;UPA;368;1.34;;ZB
LAMPA;2021;254. JONATHAN OPAZO CARRASCO;IND;9559;34.82;Electo;IND
LAS CONDES;2021;250. MARCELA ANDREA CUBILLOS HEVIA;IND;19784;13.41;;M
LAS CONDES;2021;251. GONZALO ARMANDO DE LA CARRERA CORREA;REPUBLICA.;44704;30.3;;XO
LAS CONDES;2021;252. NICOLAS ALBERTO PREUSS HERRERA;PDC;18955;12.85;;XU
LAS CONDES;2021;253. DANIELA PEÑALOZA RAMOS;UDI;58599;39.72;Electo;XX
LAS CONDES;2021;254. CATALINA VALESKA VALENZUELA MAUREIRA;PH;5498;3.73;;XY
LO BARNECHEA;2021;250. CRISTOBAL LIRA IBAÑEZ;UDI;38685;79.4;Electo;XX
LO BARNECHEA;2021;251. CRISTOBAL ANDRES RODRIGUEZ OLIVARES;IND;10035;20.6;;XY
LO ESPEJO;2021;250. JAVIERA PAZ REYES JARA;PCCH;8531;23.43;Electo;M
LO ESPEJO;2021;251. OSMAN FRANCISCO YEOMANS JIMENEZ;CONVERGEN.;4723;12.97;;XS
LO ESPEJO;2021;252. CARLOS FERNANDO GARDEL BERRIOS;PDC;3104;8.53;;XU
LO ESPEJO;2021;253. LUIS SEREY PROVOSTE;RN;2121;5.83;;XX
LO ESPEJO;2021;254. PAULA CAROLINA CANCINO CANCINO;IGUALDAD;2794;7.67;;XY
LO ESPEJO;2021;255. MANUEL ALEJANDRO MOLINA TAPIA;UPA;349;0.96;;ZB
LO ESPEJO;2021;256. JUAN ZAMBRANO DUARTE;IND;4677;12.85;;IND
LO ESPEJO;2021;257. MIGUEL BRUNA SILVA;IND;3716;10.21;;IND
LO ESPEJO;2021;258. PEDRO MALLEA VERGARA;IND;1328;3.65;;IND
LO ESPEJO;2021;259. JOSE SILVA DIAZ;IND;5062;13.9;;IND
LO PRADO;2021;250. MAXIMILIANO RIOS GALLEGUILLOS;PPD;21643;60.61;Electo;K
LO PRADO;2021;251. SEBASTIAN ROMERO SANTIBAÑEZ;IND;7012;19.64;;XX
LO PRADO;2021;252. ALEJANDRO DAGOBERTO CHANIQUE SOTO;PH;7056;19.76;;XY
MACUL;2021;250. XIMENA DEL CARMEN ZULETA DINAMARCA;PDC;5296;11.07;;XU
MACUL;2021;251. SAVKA POLLAK TOMASEVICH;IND;5107;10.68;;XX
MACUL;2021;252. GONZALO MONTOYA RIQUELME;IND;28043;58.64;Electo;IND
MACUL;2021;253. EDUARDO RENE ESPINOZA GAETE;IND;9377;19.61;;IND
MAIPU;2021;250. TOMAS VODANOVIC ESCUDERO;RD;90286;46.85;Electo;XS
MAIPU;2021;251. ALEJANDRA VIVIANA BUSTAMANTE NEIRA;PDC;17090;8.87;;XU
MAIPU;2021;252. CATHY BARRIGA GUERRA;IND;43108;22.37;;XX
MAIPU;2021;253. VIVIANA SOLEDAD DELGADO RIQUELME;IND;39369;20.43;;XZ
MAIPU;2021;254. DANILO ANDRES RAMIREZ CORTES;UPA;2872;1.49;;ZB
MARIA PINTO;2021;250. PABLO ESTEBAN GUTIERREZ RAMIREZ;PCCH;588;10.5;;M
MARIA PINTO;2021;251. JESSICA MUALIM FAJURI;RN;2529;45.18;Electo;XX
MARIA PINTO;2021;252. RODRIGO PORTUGUEZ FUENTES;IND;2481;44.32;;IND
MELIPILLA;2021;250. LORENA CATALINA OLAVARRIA BAEZA;CONVERGEN.;10079;30.01;Electo;XS
MELIPILLA;2021;251. JUAN MANUEL GONZALEZ ALARCON;PDC;8173;24.34;;XU
MELIPILLA;2021;252. IVAN CAMPOS ARAVENA;IND;7531;22.43;;XX
MELIPILLA;2021;253. ALVARO TOBAR GOMEZ;PEV;2406;7.16;;XZ
MELIPILLA;2021;254. CLAUDIO ZUÑIGA CORTES;IND;5392;16.06;;IND
NUNOA;2021;250. ALEJANDRA FRANCISCA PLACENCIA CABELLO;PCCH;24398;22.42;;M
NUNOA;2021;251. EMILIA RIOS SAAVEDRA;RD;34646;31.84;Electo;XS
NUNOA;2021;252. JUAN PABLO SAEZ REY;PDC;16142;14.83;;XU
NUNOA;2021;253. GUIDO BENAVIDES ARANEDA;RN;31907;29.32;;XX
NUNOA;2021;254. RODRIGO ANTONIO MAUREIRA VASQUEZ;UPA;1728;1.59;;ZB
PADRE HURTADO;2021;250. FELIPE MUÑOZ HEREDIA;PS;8706;39.2;Electo;K
PADRE HURTADO;2021;251. AMARO FUENTES VARGAS;RN;5400;24.32;;XX
PADRE HURTADO;2021;252. RONNIE HENRY BARRIA GATICA;UPA;253;1.14;;ZB
PADRE HURTADO;2021;253. JULIO BRAVO VILLARROEL;IND;4976;22.41;;IND
PADRE HURTADO;2021;254. FRANCISCO JAVIER CARTAGENA JESSEN;IND;2873;12.94;;IND
PAINE;2021;250. MARIO ARROS MUÑOZ;FREVS;5891;26.43;;M
PAINE;2021;251. LORETO ESTER GALINDO SAZO;PDC;3260;14.63;;XU
PAINE;2021;252. RODRIGO CONTRERAS GUTIERREZ;UDI;6175;27.71;Electo;XX
PAINE;2021;253. ELIZABETH LAZO QUEZADA;IND;1558;6.99;;XZ
PAINE;2021;254. JAIME EDUARDO ARANGUIZ MIRANDA;IND;1526;6.85;;IND
PAINE;2021;255. ANA CAROLINA SANTIS GONZALEZ;IND;3876;17.39;;IND
PEDRO AGUIRRE CERDA;2021;250. CLAUDINA DEL CARMEN NUÑEZ JIMENEZ;PCCH;8254;20.33;;M
PEDRO AGUIRRE CERDA;2021;251. HECTOR ARMANDO ANABALON ZURITA;PH;2949;7.26;;XY
PEDRO AGUIRRE CERDA;2021;252. JUAN ROZAS ROMERO;IND;11921;29.36;;IND
PEDRO AGUIRRE CERDA;2021;253. FELIPE OLIVARES VERGARA;IND;3782;9.31;;IND
PEDRO AGUIRRE CERDA;2021;254. LUIS ASTUDILLO PEIRETTI;IND;13698;33.74;Electo;IND
PENAFLOR;2021;250. NIBALDO MEZA GARFIA;PDC;18600;50;Electo;XU
PENAFLOR;2021;251. MANUEL FUENTES ROSALES;UDI;10604;28.51;;XX
PENAFLOR;2021;252. EMMA PATRICIA MORALES ARZOLA;IGUALDAD;1289;3.47;;XY
PENAFLOR;2021;253. JUAN MENA JIL;IND;1768;4.75;;XZ
PENAFLOR;2021;254. DIEGO SAN MARTIN VELASCO;IND;4937;13.27;;IND
PENALOLEN;2021;250. RAUL DANIEL MORAGA LAGARRIGUE;PCCH;4233;4.83;;M
PENALOLEN;2021;251. MIGUEL ANDRES CONCHA MANSO;RD;24177;27.59;;XS
PENALOLEN;2021;252. CAROLINA LEITAO ALVAREZ-SALAMANCA;PDC;28377;32.38;Electo;XU
PENALOLEN;2021;253. CARLOS ALARCON CASTRO;IND;17277;19.71;;XX
PENALOLEN;2021;254. LAUTARO GUANCA VALLEJOS;IGUALDAD;12767;14.57;;XY
PENALOLEN;2021;255. SALVADOR SIMON ARAVENA PEREZ;UPA;810;0.92;;ZB
PIRQUE;2021;250. JAIME FRANCISCO ESCUDERO RAMOS;IND;4661;38.69;Electo;K
PIRQUE;2021;251. NATALIA PEREZ CERDA;RN;2405;19.96;;XX
PIRQUE;2021;252. MARTIN LECAROS FERNANDEZ;IND;2843;23.6;;IND
PIRQUE;2021;253. DANIEL DIAZ GALLARDO;IND;2139;17.75;;IND
PROVIDENCIA;2021;250. EVELYN MATTHEI FORNET;UDI;46890;54.86;Electo;XX
PROVIDENCIA;2021;251. VERONICA PARDO LAGOS;IND;38582;45.14;;IND
PUDAHUEL;2021;250. GONZALO DAVID LIZANA COFRE;PCCH;9938;13.85;;M
PUDAHUEL;2021;251. MONICA SANCHEZ ACEITUNO;IND;18277;25.47;;XU
PUDAHUEL;2021;252. CRISTIAN NORAMBUENA CASTRO;UDI;9212;12.84;;XX
PUDAHUEL;2021;253. ITALO ANDRES BRAVO LIZANA;IGUALDAD;19727;27.49;Electo;XY
PUDAHUEL;2021;254. ALEJANDRO RUBEN BARRA ORELLANA;UPA;759;1.06;;ZB
PUDAHUEL;2021;255. MANUEL IBARRA MONDACA;IND;13851;19.3;;IND
PUENTE ALTO;2021;250. LUIS ESCANILLA BENAVIDES;PS;15090;8.77;;K
PUENTE ALTO;2021;251. RODRIGO ALONSO GONZALEZ GONZALEZ;PCCH;13967;8.12;;M
PUENTE ALTO;2021;252. GERMAN CODINA POWERS;RN;87257;50.72;Electo;XX
PUENTE ALTO;2021;253. MATIAS JAIR TOLEDO HERRERA;IGUALDAD;55709;32.38;;XY
QUILICURA;2021;250. PAULINA REBECA BOBADILLA NAVARRETE;IND;13955;21.56;Electo;XS
QUILICURA;2021;251. OSCAR DANIEL SALDAÑA ABARCA;IND;13801;21.32;;IND
QUILICURA;2021;252. ALEJANDRO MARTINEZ GONZALEZ;IND;11653;18.01;;IND
QUILICURA;2021;253. CESAR VEGA LAZO;IND;4222;6.52;;IND
QUILICURA;2021;254. PAOLA ROMERO VALDIVIA;IND;10476;16.19;;IND
QUILICURA;2021;255. JAIME ACEITON VASQUEZ;IND;3302;5.1;;IND
QUILICURA;2021;256. MARIO ALVEAR GILBERTO;IND;7310;11.29;;IND
QUINTA NORMAL;2021;250. KARINA DELFINO MUSSA;PS;17546;42.38;Electo;K
QUINTA NORMAL;2021;251. PABLO SALVADOR REYES FLORES;PCCH;2800;6.76;;M
QUINTA NORMAL;2021;252. JUAN PABLO SANHUEZA TORTELLA;COMUNES;2911;7.03;;XS
QUINTA NORMAL;2021;253. FRANCISCO GABRIEL DUARTE DIAZ;PDC;3798;9.17;;XU
QUINTA NORMAL;2021;254. FELIPE MORA MORGADO;UDI;5573;13.46;;XX
QUINTA NORMAL;2021;255. SERGIO MONTRONE TRONCOSO;IND;2745;6.63;;IND
QUINTA NORMAL;2021;256. VERONICA MONTECINOS ORTIZ;IND;6026;14.56;;IND
RECOLETA;2021;250. OSCAR DANIEL JADUE JADUE;PCCH;35307;64.13;Electo;M
RECOLETA;2021;251. JOSE CARLOS MEZA PEREIRA;REPUBLICA.;6631;12.04;;XO
RECOLETA;2021;252. MAURICIO SMOK ALLEMANDI;UDI;13118;23.83;;XX
RENCA;2021;250. CESAR ANTONIO MONSALVE ORTEGA;PRI;3410;7.23;;XX
RENCA;2021;251. CLAUDIO CASTRO SALAS;IND;43729;92.77;Electo;IND
SAN BERNARDO;2021;250. CHRISTOPHER WHITE BAHAMONDES;PS;27033;32.58;Electo;K
SAN BERNARDO;2021;251. WLADIMIR EMILIO BOLTON MUÑOZ;PCCH;6595;7.95;;M
SAN BERNARDO;2021;252. AMPARO GARCIA SALDIAS;IND;10189;12.28;;IND
SAN BERNARDO;2021;253. JUAN DOMINGO VILLAVICENCIO PASTEN;PH;2147;2.59;;XY
SAN BERNARDO;2021;254. ALVARO SOTO IBAÑEZ;IND;3967;4.78;;IND
SAN BERNARDO;2021;255. JOVANKA COLLAO MARTINEZ;IND;10292;12.4;;IND
SAN BERNARDO;2021;256. CHRISTIAN PINO LOPEZ;IND;19044;22.95;;IND
SAN BERNARDO;2021;257. VICTOR MOL ALCANTARA;IND;3706;4.47;;IND
SAN JOAQUIN;2021;250. MARCELA CORTES TRUJILLO;IND;11696;32.87;;K
SAN JOAQUIN;2021;251. BRUNO ALEJANDRO ÑEGUEY CARRILLO;IND;3010;8.46;;XX
SAN JOAQUIN;2021;252. TATIANA ROSA MARIN OLIVA;UPA;1506;4.23;;ZB
SAN JOAQUIN;2021;253. CRISTOBAL AMARO LABRA BASSA;IND;19371;54.44;Electo;IND
SAN JOSE DE MAIPO;2021;250. ROBERTO ULISES PEREZ CATALAN;PR;3765;46.39;Electo;K
SAN JOSE DE MAIPO;2021;251. BENJAMIN FRANCISCO BUSTOS GONZALEZ;CONVERGEN.;412;5.08;;XS
SAN JOSE DE MAIPO;2021;252. ALBERTO ALDAY SALINAS;RN;1481;18.25;;XX
SAN JOSE DE MAIPO;2021;253. VERONICA DEL CARMEN SEGUEL OYARZUN;IND;385;4.74;;XY
SAN JOSE DE MAIPO;2021;254. MAITE BIRKE ABAROA;IND;2073;25.54;;IND
SAN MIGUEL;2021;250. DAVID EDUARDO NAVARRO CARACHI;PR;6194;13.41;;K
SAN MIGUEL;2021;251. ERIKA PAULINA MARTINEZ OSORIO;IND;11766;25.48;Electo;XS
SAN MIGUEL;2021;252. LUIS SANHUEZA BRAVO;RN;9304;20.15;;XX
SAN MIGUEL;2021;253. LEONEL RUBEN JARAMILLO COUMERME;PH;1419;3.07;;XY
SAN MIGUEL;2021;254. MATIAS FREIRE VALLEJOS;IND;10127;21.93;;IND
SAN MIGUEL;2021;255. DANILO SALVADOR PANES ALVAREZ;IND;4518;9.78;;IND
SAN MIGUEL;2021;256. CRISTIAN AREVALO RUZ;IND;1749;3.79;;IND
SAN MIGUEL;2021;257. FRANCISCO JAVIER HERRERA RIQUELME;IND;1097;2.38;;IND
SAN PEDRO;2021;250. EMILIO CERDA SAGURIE;PPD;2270;52.84;Electo;K
SAN PEDRO;2021;251. MANUEL DEVIA VILCHES;UDI;1824;42.46;;XX
SAN PEDRO;2021;252. MATILDE ARMIJO LANDA;IND;202;4.7;;IND
SAN RAMON;2021;250. MIGUEL ANGEL BUSTAMANTE ARANEDA;CONVERGEN.;6459;18.57;;XS
SAN RAMON;2021;251. GUSTAVO EDUARDO TORO QUINTANA;PDC;7593;21.83;;XU
SAN RAMON;2021;252. DAVID CABEDO ROSAS;RN;6332;18.2;;XX
SAN RAMON;2021;253. MIGUEL ANGEL AGUILERA SANHUEZA;IND;8342;23.98;Electo;IND
SAN RAMON;2021;254. MIGUEL PINO LEYTON;IND;2078;5.97;;IND
SAN RAMON;2021;255. GENARO BALLADARES SCHWANER;IND;3982;11.45;;
SANTIAGO;2021;250. ALFREDO MORGADO TRAVEZAN;PPD;13753;11.72;;K
SANTIAGO;2021;251. IRACI LUIZA HASSLER JACOB;PCCH;45377;38.68;Electo;M
SANTIAGO;2021;252. FELIPE ALESSANDRI VERGARA;RN;41420;35.3;;XX
SANTIAGO;2021;253. HELMUT DIETRICH EBERHARD KRAMER ANGEL;PH;4711;4.02;;XY
SANTIAGO;2021;254. FERNANDO NEIRA PEZOA;PEV;10706;9.13;;XZ
SANTIAGO;2021;255. BORIS EDUARDO ARAOS CANCINO;UPA;1358;1.16;;ZB
TALAGANTE;2021;250. CARLOS ALVAREZ ESTEBAN;PS;18196;65.61;Electo;K
TALAGANTE;2021;251. PATRICIO HUERTA MORAGA;RN;4338;15.64;;XX
TALAGANTE;2021;252. NANCY STOWHAS RODRIGUEZ;IND;5199;18.75;;IND
TILTIL;2021;250. BARBARA ANDREA GONZALEZ ZUÑIGA;PPD;1843;26.65;;K
TILTIL;2021;251. LUIS ANDRES VALENZUELA CRUZAT;RD;2460;35.57;Electo;XS
TILTIL;2021;252. EVA VARGAS ABURTO;IND;1192;17.24;;XX
TILTIL;2021;253. SERGIO TAPIA SANDOVAL;IND;1421;20.55;;IND
VITACURA;2021;250. CRISTIAN ARAYA LERDO DE TEJADA;IND;17435;31.36;;XO
VITACURA;2021;251. DARKO ALEXANDAR PERIC VON BERGEN;CIUDADANOS;6524;11.73;;XU
VITACURA;2021;252. CAMILA MERINO CATALAN;EVOPOLI;31646;56.91;Electo;XX
CHEPICA;2021;250. FABIAN SOTO GONZALEZ;PS;2377;39.19;Electo;K
CHEPICA;2021;251. IVAN VALENZUELA PALACIOS;UDI;2308;38.05;;XX
CHEPICA;2021;252. CARLOS MANUEL GONZALEZ ABRIGO;IND;1380;22.75;;IND
CHIMBARONGO;2021;250. LOREDANA VALESKA GUAJARDO BARAHONA;PR;2352;19.37;;K
CHIMBARONGO;2021;251. MARCO ANTONIO CONTRERAS JORQUERA;IND;8880;73.14;Electo;XX
CHIMBARONGO;2021;252. PATRICIO ANTONIO DONOSO GUTIERREZ;IND;909;7.49;;IND
CODEGUA;2021;250. IVAN ANDRES ACEVEDO SILVA;PDC;1151;17.18;;XU
CODEGUA;2021;251. JOSE ALEXANDER FLORES OSORIO;IND;3262;48.7;Electo;IND
CODEGUA;2021;252. JOAQUIN VALENZUELA BAEZA;IND;2285;34.11;;IND
COINCO;2021;250. CLAUDIA GUAJARDO VALENZUELA;PDC;990;23.16;;XU
COINCO;2021;251. HECTOR ALFREDO ORELLANA SANCHEZ;RN;1463;34.23;;XX
COINCO;2021;252. JUAN ABARCA PADILLA;IND;1821;42.61;Electo;IND
COLTAUCO;2021;250. JONATHAN VASQUEZ LAGOS;IND;1631;20.23;;K
COLTAUCO;2021;251. FELIX ANDRES SANCHEZ VERGARA;RN;2030;25.18;Electo;XX
COLTAUCO;2021;252. JEMAEL SIDHARTA PEREZ FRANCO;IND;485;6.02;;XZ
COLTAUCO;2021;253. JORGE CERDA MUÑOZ;IND;1418;17.59;;IND
COLTAUCO;2021;254. CRISTOPHER ALEXIS VIDAL MEDINA;IND;1629;20.21;;IND
COLTAUCO;2021;255. PILAR ANDREA ABARCA OSORIO;IND;869;10.78;;IND
DONIHUE;2021;250. BORIS ACUÑA GONZALEZ;PPD;3461;35.93;;K
DONIHUE;2021;251. PAULO CESAR MORALES ARRIAGADA;IND;1113;11.56;;XX
DONIHUE;2021;252. DEYSI NAVARRO PADILLA;IND;1482;15.39;;IND
DONIHUE;2021;253. PABLA PONCE VALLE;IND;3576;37.13;Electo;IND
GRANEROS;2021;250. TERESA CARMEN ELGUETA MORENO;PR;2924;22.06;;K
GRANEROS;2021;251. GABRIEL MENDOZA IBARRA;IND;1240;9.36;;XX
GRANEROS;2021;252. CLAUDIO SEGOVIA COFRE;IND;7337;55.37;Electo;IND
GRANEROS;2021;253. JORGE OSVALDO GONZALEZ FARIAS;IND;1751;13.21;;IND
LA ESTRELLA;2021;250. VALENTIN GERONIMO VIDAL RUBIO;IND;645;25.12;;M
LA ESTRELLA;2021;251. ANDRES ALONSO FERNANDEZ TAPIA;UDI;349;13.59;;XX
LA ESTRELLA;2021;252. ANGELICA SILVA ARRUE;IND;1050;40.89;Electo;IND
LA ESTRELLA;2021;253. HECTOR OSORIO MONRREAL;IND;524;20.4;;IND
LAS CABRAS;2021;250. JUAN PABLO FLORES ASTORGA;PRO;3491;35.58;Electo;XU
LAS CABRAS;2021;251. RIGOBERTO LEIVA PARRA;UDI;2211;22.53;;XX
LAS CABRAS;2021;252. LEANDRO CARREÑO VARGAS;IND;1745;17.78;;IND
LAS CABRAS;2021;253. JAIME EUGENIO FABIA REYES;IND;2366;24.11;;IND
LITUECHE;2021;250. JULIO PEÑA TOBAR;IND;1405;33.64;;K
LITUECHE;2021;251. GABRIEL EDUARDO PALMA DONOSO;FREVS;934;22.37;;M
LITUECHE;2021;252. RENE ACUÑA ECHEVERRIA;UDI;1837;43.99;Electo;XX
LOLOL;2021;250. JOSE GUILLERMO DIAZ SALAS;PDC;1056;24.15;;XU
LOLOL;2021;251. JOSE ALFREDO ROMAN CHAVEZ;IND;1813;41.46;Electo;IND
LOLOL;2021;252. CORINA DEL CARMEN DIAZ ARANCIBIA;IND;1504;34.39;;IND
MACHALI;2021;250. GONZALO LOPEZ LOPEZ;PS;2614;13.44;;K
MACHALI;2021;251. HECTOR LABBE VALENZUELA;UDI;3547;18.24;;XX
MACHALI;2021;252. SARA ANDREA RAMIREZ CRUZ;IND;1524;7.84;;IND
MACHALI;2021;253. DORIS SIXTINA VALDIVIA MONSALVE;IND;2871;14.77;;IND
MACHALI;2021;254. JUAN CARLOS ABUD PARRA;IND;8888;45.71;Electo;IND
MALLOA;2021;250. LUIS BARRA VILLANUEVA;IND;2750;43.91;Electo;K
MALLOA;2021;251. LORENZO ABARCA UBILLA;IND;977;15.6;;IND
MALLOA;2021;252. ALEJANDRO PALOMINOS VENEGAS;IND;734;11.72;;IND
MALLOA;2021;253. JUAN MAGAÑA RUBIO;IND;1802;28.77;;IND
MARCHIGUE;2021;250. RODRIGO FERNANDO VELIZ FARIAS;IND;72;1.61;;K
MARCHIGUE;2021;251. JOSE IGNACIO GONZALEZ PINO;UDI;1837;41;;XX
MARCHIGUE;2021;252. CRISTIAN SALINAS HERRERA;PH;2365;52.79;Electo;XY
MARCHIGUE;2021;253. PATRICIA CARREÑO SILVA;IND;206;4.6;;IND
MOSTAZAL;2021;250. VERONICA DEL PILAR ARROYO ARANCIBIA;PDC;2659;26.05;;XU
MOSTAZAL;2021;251. GONZALO MEZA VANNINI;IND;1727;16.92;;XX
MOSTAZAL;2021;252. SANTIAGO AQUILES GARATE ESPINOZA;IND;2766;27.1;Electo;IND
MOSTAZAL;2021;253. CECILIA DEL CARMEN VIVEROS CASTILLO;IND;157;1.54;;IND
MOSTAZAL;2021;254. CLAUDIA CAROCA CONTRERAS;IND;1484;14.54;;IND
MOSTAZAL;2021;255. TERESITA REYES OVALLE;IND;690;6.76;;IND
MOSTAZAL;2021;256. GIOVANNA ANDREA FLORES PINTO;IND;175;1.71;;IND
MOSTAZAL;2021;257. JOSE JOAQUIN HURTADO BARAHONA;IND;549;5.38;;IND
NANCAGUA;2021;250. EDUARDO ESCANILLA GAETE;PS;2139;30.67;;K
NANCAGUA;2021;251. MARIA IGNACIA DE JESUS DE LA RIVA DUTZAN;IND;1030;14.77;;XX
NANCAGUA;2021;252. MARIO BUSTAMANTE SALINAS;IND;2681;38.44;Electo;IND
NANCAGUA;2021;253. HUGO ARIAS GONZALEZ;IND;1124;16.12;;IND
NAVIDAD;2021;250. FIDEL TORRES AGUILERA;PS;531;12.65;;K
NAVIDAD;2021;251. YANKO ANTONIO BLUMEN ANTIVILO;IND;903;21.52;Electo;M
NAVIDAD;2021;252. DANIEL ALFONSO OLIVARES VIDAL;IND;430;10.25;;XS
NAVIDAD;2021;253. GONZALO ALBERTO ORTEGA PRIETO;UDI;518;12.35;;
NAVIDAD;2021;254. PRISSILA NATALY FARIAS MORALES;IND;898;21.4;;IND
NAVIDAD;2021;255. MARIO ANTONIO GONZALEZ SOTO;IND;258;6.15;;IND
NAVIDAD;2021;256. PATRICIA ARIAS RODRIGUEZ;IND;658;15.68;;IND
OLIVAR;2021;250. PRAXEDES PEREZ ARANGUIZ;PS;2302;36.36;;K
OLIVAR;2021;251. MARIA ESTRELLA MONTERO CARRASCO;IND;2472;39.04;Electo;XX
OLIVAR;2021;252. JORGE ANTONIO PEÑA BRUCE;IND;1119;17.67;;IND
OLIVAR;2021;253. EVARISTO SEGUNDO ORELLANA CORREA;IND;439;6.93;;IND
PALMILLA;2021;250. GLORIA DE LAS MERCEDES PAREDES VALDES;PDC;2934;54.89;Electo;XU
PALMILLA;2021;251. CLAUDIO CABRERA MARAMBIO;IND;2411;45.11;;XX
PAREDONES;2021;250. JOSE MIGUEL REYES POBLETE;IND;2074;43.46;;K
PAREDONES;2021;251. MOISES ANTONIO CARVACHO VARGAS;RN;2698;56.54;Electo;XX
PERALILLO;2021;250. CLAUDIO ABRAHAM CUMSILLE CHOMALI;PS;3110;61.32;Electo;K
PERALILLO;2021;251. CARLOS UTMAN GOLDSCHMIDT;UDI;831;16.38;;XX
PERALILLO;2021;252. FROILAN NUÑEZ CUMSILLE;IND;1131;22.3;;IND
PEUMO;2021;250. ROSA GLADYS RUBIO UGALDE;IND;503;7.39;;K
PEUMO;2021;251. ESTEBAN GREGORIO MARTINEZ RUBIO;FREVS;1645;24.18;;M
PEUMO;2021;252. PEDRO RUBIO GONZALEZ;EVOPOLI;325;4.78;;XX
PEUMO;2021;253. JOSE ALEJANDRO MARTINEZ PARDO;IND;1639;24.09;;IND
PEUMO;2021;254. CARLOS ARIEL ALIAGA DONOSO;IND;1919;28.21;Electo;IND
PEUMO;2021;255. RIGOBERTO PEREZ HUENUMAN;IND;772;11.35;;IND
PICHIDEGUA;2021;250. ISMAEL HERNANDO GONZALEZ GUTIERREZ;IND;2015;25.4;;M
PICHIDEGUA;2021;251. MARCOS AURELIO FUENTES ULLOA;PDC;2666;33.61;Electo;XU
PICHIDEGUA;2021;252. TAMARA JOFRE SALINAS;UDI;1120;14.12;;XX
PICHIDEGUA;2021;253. CRISTIAN PAVEZ HERRERA;IND;1623;20.46;;IND
PICHIDEGUA;2021;254. GUILLERMO OLAYO GONZALEZ CUETO;IND;508;6.4;;IND
PICHILEMU;2021;250. MANUEL ROBERTO COFRE PEREZ;PCCH;243;2.54;;M
PICHILEMU;2021;251. PABLO MARTINEZ QUINTEROS;UDI;1191;12.44;;XX
PICHILEMU;2021;252. HIPOLITO SOLANO RUBIO;IND;265;2.77;;IND
PICHILEMU;2021;253. JORGE LUIS URZUA GARCIA;IND;2469;25.78;;IND
PICHILEMU;2021;254. CRISTIAN ANDRES POZO PARRAGUEZ;IND;2717;28.37;Electo;IND
PICHILEMU;2021;255. JULIO DIEGO IBARRA MALDONADO;IND;371;3.87;;IND
PICHILEMU;2021;256. MARCELO CABRERA MARTINEZ;IND;2320;24.23;;IND
PLACILLA;2021;250. MANUEL TULIO CONTRERAS ALVAREZ;PDC;2971;63.73;Electo;XU
PLACILLA;2021;251. CHRISTIAN JOSE CONTRERAS ORELLANA;IND;1691;36.27;;IND
PUMANQUE;2021;250. FRANCISCO ARNOLDO CASTRO GALVEZ;RN;1327;43.18;;XX
PUMANQUE;2021;251. GONZALO BARAONA BEZANILLA;IND;1746;56.82;Electo;IND
QUINTA DE TILCOCO;2021;250. ROBERTO ANDRES ARENAS VASQUEZ;CONVERGEN.;457;6.87;;XS
QUINTA DE TILCOCO;2021;251. HELI FRANCISCO CARRASCO URETA;PDC;2254;33.9;;XU
QUINTA DE TILCOCO;2021;252. SEBASTIAN ALONSO RODRIGUEZ FUENZALIDA;IND;2810;42.27;Electo;XX
QUINTA DE TILCOCO;2021;253. MARIO GALVEZ PALMA;IND;1127;16.95;;IND
RANCAGUA;2021;250. JUAN RAMON GODOY MUÑOZ;PS;20529;27.25;Electo;K
RANCAGUA;2021;251. DANILO EUGENIO JORQUERA VIDAL;PCCH;5139;6.82;;M
RANCAGUA;2021;252. ROBERTO ANTONIO VILLAGRA REYES;IND;9446;12.54;;XS
RANCAGUA;2021;253. PAMELA JADELL ECHAGUE;IND;9783;12.99;;XX
RANCAGUA;2021;254. RICARDO FERNANDO CERDA ARANCIBIA;IND;4064;5.39;;XY
RANCAGUA;2021;255. MARTA GONZALEZ OLEA;IND;9386;12.46;;XZ
RANCAGUA;2021;256. RAIMUNDO AGLIATI MARCHANT;IND;16984;22.55;;IND
RENGO;2021;250. CARLOS SOTO GONZALEZ;IND;5974;27.85;Electo;K
RENGO;2021;251. ALVARO VALENTIN LIZANA FUENTES;RD;4475;20.87;;XS
RENGO;2021;252. MARCOS GATICA MUÑOZ;RN;3461;16.14;;XX
RENGO;2021;253. JULIO IVAN IBARRA MARIPANGUE;IND;5256;24.51;;IND
RENGO;2021;254. YOSSELIN MOYANO CALABRANO;IND;2281;10.64;;IND
REQUINOA;2021;250. WALDO ANTONIO VALDIVIA MONTECINOS;IND;5568;53.85;Electo;K
REQUINOA;2021;251. MARIA VICTORIA CAVIERES PAIVA;UDI;4772;46.15;;XX
SAN FERNANDO;2021;250. LUIS MANUEL ORELLANA ROJAS;PR;3807;13.51;;K
SAN FERNANDO;2021;251. GABRIEL FRANCISCO ROJAS OYARCE;PCCH;1243;4.41;;M
SAN FERNANDO;2021;252. ALEJANDRO RIQUELME CALVO;UDI;5016;17.8;;XX
SAN FERNANDO;2021;253. PABLO SILVA PEREZ;IND;8322;29.53;Electo;IND
SAN FERNANDO;2021;254. PABLO ORELLANA RIVAS;IND;2092;7.42;;IND
SAN FERNANDO;2021;255. LUIS BERWART ARAYA;IND;2084;7.39;;IND
SAN FERNANDO;2021;256. CRISTIAN FABIAN SILVA ROSALES;IND;2118;7.51;;IND
SAN FERNANDO;2021;257. XIMENA FLORES PEÑALOZA;IND;3326;11.8;;IND
SAN FERNANDO;2021;258. FIORINA MISCHAL GONZALEZ MOYA;IND;177;0.63;;IND
SAN VICENTE;2021;250. JAIME GONZALEZ RAMIREZ;IND;9312;51.26;Electo;K
SAN VICENTE;2021;251. GUIDO CARREÑO REYES;UDI;8855;48.74;;XX
SANTA CRUZ;2021;250. CARLOS CISTERNA PAVEZ;PS;3870;30.33;;K
SANTA CRUZ;2021;251. JOSE ARTURO GUAJARDO REYES;FREVS;1163;9.12;;M
SANTA CRUZ;2021;252. YOSHI CATALINA GUAJARDO AMAYA;IND;492;3.86;;XS
SANTA CRUZ;2021;253. WILLIAM AREVALO CORNEJO;IND;6000;47.03;Electo;XX
SANTA CRUZ;2021;254. MANUEL ORLANDO PALMA VARAS;IND;522;4.09;;IND
SANTA CRUZ;2021;255. BERNARDO PATRICIO MORELL PIÑEDA;IND;711;5.57;;IND
CAUQUENES;2021;250. DOMINGO LEIVA MENA;PS;2688;18.39;;K
CAUQUENES;2021;251. JORGE EDUARDO MUÑOZ SAAVEDRA;IND;4608;31.53;;XX
CAUQUENES;2021;252. ALEJANDRA RAMIREZ VERDUGO;IND;1283;8.78;;IND
CAUQUENES;2021;253. NERY CRISTINA RODRIGUEZ DOMINGUEZ;IND;6034;41.29;Electo;IND
CHANCO;2021;250. MARCELO OSVALDO WADDINGTON GUAJARDO;PR;2445;43.27;Electo;K
CHANCO;2021;251. DAVID EDUARDO SANCHEZ ARELLANO;REPUBLICA.;366;6.48;;XO
CHANCO;2021;252. ROSAURO ANTONIO ELGUETA VALENZUELA;RN;1178;20.85;;XX
CHANCO;2021;253. ALFONSO MEZA MEZA;IND;449;7.95;;IND
CHANCO;2021;254. JOSE HUMBERTO ESPINOSA CAMPOS;IND;778;13.77;;IND
CHANCO;2021;255. JOSE ANIBAL PEREZ MEZA;IND;434;7.68;;IND
COLBUN;2021;250. CLAUDIO FELIPE ROSSON MUÑOZ;UDI;259;2.59;;XX
COLBUN;2021;251. PEDRO PABLO MUÑOZ OSES;IND;4061;40.55;Electo;IND
COLBUN;2021;252. GUSTAVO ALFONSO ROJAS ARAVENA;IND;1949;19.46;;IND
COLBUN;2021;253. JONATHAN EDUARDO NORAMBUENA BARROS;IND;3746;37.4;;IND
CONSTITUCION;2021;250. FABIAN MANUEL PEREZ HERRERA;PR;8493;46.99;Electo;K
CONSTITUCION;2021;251. CARLOS VALENZUELA GAJARDO;IND;5988;33.13;;XX
CONSTITUCION;2021;252. FRANCO ARAVENA GONZALEZ;IND;3592;19.87;;IND
CUREPTO;2021;250. RENE ALEJANDRO CONCHA GONZALEZ;PPD;2744;54.12;Electo;K
CUREPTO;2021;251. CARLOS ALBERTO HENRIQUEZ RAMIREZ;IND;371;7.32;;M
CUREPTO;2021;252. JUAN PABLO RETAMAL GUTIERREZ;IND;1955;38.56;;XX
CURICO;2021;250. JAVIER MUÑOZ RIQUELME;PDC;20370;43.83;Electo;XU
CURICO;2021;251. MACARENA PONS PORCILE;IND;10794;23.22;;XX
CURICO;2021;252. PAMELA ANDREA HENRIQUEZ ROJAS;IND;15312;32.95;;XY
EMPEDRADO;2021;250. RICARDO OPAZO FIERRO;PPD;228;7.49;;K
EMPEDRADO;2021;251. MANUEL BAEZ GAJARDO;UDI;574;18.86;;XX
EMPEDRADO;2021;252. GONZALO TEJOS PEREZ;IND;1221;40.11;Electo;IND
EMPEDRADO;2021;253. CARLOS CORREA MIÑOS;IND;1021;33.54;;IND
HUALANE;2021;250. MARISOL DEL CARMEN PEREZ SAAVEDRA;FREVS;97;1.74;;M
HUALANE;2021;251. CAROLINA ALEJANDRA MUÑOZ NUÑEZ;PDC;3591;64.55;Electo;XU
HUALANE;2021;252. PATRICIA ALEJANDRA QUEZADA MORENO;IND;1573;28.28;;XX
HUALANE;2021;253. SERGIO ANTONIO NUÑEZ ALIAGA;IND;302;5.43;;IND
LICANTEN;2021;250. BRUNO GONZALEZ ACUÑA;UDI;1454;36.27;;XX
LICANTEN;2021;251. MARCELO FERNANDEZ VILOS;IND;2555;63.73;Electo;IND
LINARES;2021;250. WALDO CESAR ALFARO MARTINEZ;PDC;6406;21.84;;XU
LINARES;2021;251. MARIO MEZA VASQUEZ;RN;12205;41.61;Electo;XX
LINARES;2021;252. ALAMIRO GARRIDO CACERES;IND;4674;15.94;;IND
LINARES;2021;253. CARLOS ANDRES GAJARDO YAÑEZ;IND;6046;20.61;;IND
LONGAVI;2021;250. GONZALO JARA REYES;PPD;1897;16.78;;K
LONGAVI;2021;251. CRISTIAN MENCHACA PINOCHET;UDI;3981;35.21;Electo;XX
LONGAVI;2021;252. RUTH UBERLINDA FLORES CAMPOS;IND;278;2.46;;XY
LONGAVI;2021;253. DANILO DEL CARMEN BARRA MENDEZ;IND;131;1.16;;IND
LONGAVI;2021;254. MANUEL JESUS SAN MARTIN ROMERO;IND;532;4.71;;IND
LONGAVI;2021;255. JAIME BRIONES JORQUERA;IND;2245;19.85;;IND
LONGAVI;2021;256. ROBIN ARAYA ACEVEDO;IND;2243;19.84;;IND
MAULE;2021;250. LUIS GABRIEL VASQUEZ GALVEZ;PDC;6483;55.18;Electo;XU
MAULE;2021;251. BRIAN JHON VILLALOBOS RETAMAL;PRI;1257;10.7;;XX
MAULE;2021;252. CARLOS OVALLE ROJAS;IND;4008;34.12;;IND
MOLINA;2021;250. PRISCILLA ELENA CASTILLO GERLI;PDC;10939;58.96;Electo;XU
MOLINA;2021;251. NICOLAS SANTANA RIVERA;IND;1521;8.2;;IND
MOLINA;2021;252. FELIPE EDUARDO MENDEZ GUZMAN;IND;6094;32.84;;IND
PARRAL;2021;250. GUILLERMO CERONI FUENTES;PPD;1995;12.66;;K
PARRAL;2021;251. PAULA RETAMAL URRUTIA;UDI;5149;32.66;Electo;XX
PARRAL;2021;252. JUAN CARLOS BENAVENTE MEZA;IND;3443;21.84;;IND
PARRAL;2021;253. GUIDO CASTILLA MORA;IND;448;2.84;;IND
PARRAL;2021;254. RODRIGO ESTEBAN CASTRO SEPULVEDA;IND;4729;30;;IND
PELARCO;2021;250. ROBERTO SILVA ADI;IND;961;24.3;;K
PELARCO;2021;251. CRISTOFER CAMILO RETAMAL LARA;IND;174;4.4;;M
PELARCO;2021;252. LUIS BERNARDO VASQUEZ BOBADILLA;UDI;2819;71.29;Electo;XX
PELLUHUE;2021;250. MARIA LUZ REYES ORELLANA;IND;3547;66.8;Electo;XU
PELLUHUE;2021;251. DANIEL BUSTOS LEAL;IND;1763;33.2;;XX
PENCAHUE;2021;250. MARCELO ALEJANDRO VIEDMA VILLAMAN;PDC;1877;31.49;;XU
PENCAHUE;2021;251. JOSE CORREA CORREA;UDI;1748;29.32;;XX
PENCAHUE;2021;252. JOSE MIGUEL TOBAR ARAVENA;IND;2336;39.19;Electo;IND
RAUCO;2021;250. ENRIQUE FRANCISCO IGNACIO OLIVARES FARIAS;PR;2195;46.18;Electo;K
RAUCO;2021;251. MANUEL JESUS POBLETE NAVARRO;UDI;1291;27.16;;XX
RAUCO;2021;252. PASCUAL SEGUNDO AREVALOS MARTINEZ;IND;1267;26.66;;IND
RETIRO;2021;250. VIVIANA LANDAETA PARRA;PS;409;5.06;;K
RETIRO;2021;251. JUAN PATRICIO CONTRERAS CONTRERAS;PDC;1551;19.18;;XU
RETIRO;2021;252. RODRIGO RAMIREZ PARRA;RN;3732;46.15;Electo;XX
RETIRO;2021;253. LUIS SERGIO PINO ANDRADES;IND;467;5.77;;IND
RETIRO;2021;254. IGNACIO LUNA VALLEJOS;IND;1928;23.84;;IND
RIO CLARO;2021;250. EDUARDO ALFONSO POBLETE NAVARRO;PR;1140;18.86;;K
RIO CLARO;2021;251. AMERICO GUAJARDO OYARCE;RN;3137;51.89;Electo;XX
RIO CLARO;2021;252. ROSA MARIA NAVARRO AMIGO;IND;1769;29.26;;IND
ROMERAL;2021;250. CARLOS VERGARA ZEREGA;PS;5157;79.55;Electo;K
ROMERAL;2021;251. CLAUDIO PINO ULLOA;IND;1326;20.45;;XX
SAGRADA FAMILIA;2021;250. JOSSELYN ALEJANDRA OYARZUN NARANJO;IND;1857;22.37;;XU
SAGRADA FAMILIA;2021;251. MARTIN ARRIAGADA URRUTIA;UDI;4452;53.62;Electo;XX
SAGRADA FAMILIA;2021;252. PAULO ENRIQUE AVALOS SEPULVEDA;IND;813;9.79;;IND
SAGRADA FAMILIA;2021;253. JUAN DE LA CRUZ BADILLA RAMIREZ;IND;229;2.76;;IND
SAGRADA FAMILIA;2021;254. JOSE ALFREDO GONZALEZ RAMIREZ;IND;952;11.47;;IND
SAN CLEMENTE;2021;250. PABLO HERNANDEZ MORALES;PDC;3565;25.97;;XU
SAN CLEMENTE;2021;251. PABLO AMARO VALENZUELA;UDI;4262;31.05;;XX
SAN CLEMENTE;2021;252. MARIA INES SEPULVEDA FUENTES;IND;5899;42.98;Electo;IND
SAN JAVIER;2021;250. GERMAN ANDRES HERRERA DINAMARCA;RD;3078;21.34;;XS
SAN JAVIER;2021;251. JORGE EDUARDO IGNACIO SILVA SEPULVEDA;PDC;5915;41.01;Electo;XU
SAN JAVIER;2021;252. WILLIAMS VALENZUELA VILLALOBOS;EVOPOLI;2899;20.1;;XX
SAN JAVIER;2021;253. PEDRO FERNANDEZ CHAVARRI;IND;2531;17.55;;IND
SAN RAFAEL;2021;250. CLAUDIA ALEJANDRA DIAZ BRAVO;PDC;3426;78.87;Electo;XU
SAN RAFAEL;2021;251. CESAR CANTUARIAS CHAZARRO;IND;918;21.13;;XX
TALCA;2021;250. RODRIGO SEPULVEDA ESPINOZA;IND;16143;22.14;;K
TALCA;2021;251. SIXTO GONZALEZ SOTO;PCCH;14867;20.39;;M
TALCA;2021;252. JUAN CARLOS DIAZ AVENDAÑO;RN;28524;39.11;Electo;XX
TALCA;2021;253. SILVIA VIVIANA CABELLO LETELIER;IND;8720;11.96;;XY
TALCA;2021;254. ANDREA CAMARGO PINO;IND;4675;6.41;;IND
TENO;2021;250. ANGELA GINETTE MUÑOZ VENEGAS;RN;3743;43.69;;XX
TENO;2021;251. SANDRA AMESTICA GAETE;IND;4825;56.31;Electo;IND
VICHUQUEN;2021;250. MAURICIO ANDRES CORREA URZUA;IND;40;1.01;;XU
VICHUQUEN;2021;251. ROBERTO RIVERA PINO;IND;1145;28.94;;XX
VICHUQUEN;2021;252. PATRICIO ANDRES RIVERA BRAVO;IND;1456;36.8;Electo;IND
VICHUQUEN;2021;253. CRISTIAN BRAVO CABEZAS;IND;118;2.98;;IND
VICHUQUEN;2021;254. ROMAN DEL TRANSITO PAVEZ LOPEZ;IND;1198;30.28;;IND
VILLA ALEGRE;2021;250. CARLA ANDREA MANOSALVA REYES;PR;293;4.47;;K
VILLA ALEGRE;2021;251. PABLO FUENTES VALLEJOS;IND;1555;23.74;Electo;XX
VILLA ALEGRE;2021;252. RICARDO ANTONIO LIZAMA SOTO;IND;466;7.11;;IND
VILLA ALEGRE;2021;253. JORGE ALFREDO PEÑA VARGAS;IND;1317;20.11;;IND
VILLA ALEGRE;2021;254. LUIS ANGEL ALEGRIA ACUÑA;IND;1295;19.77;;IND
VILLA ALEGRE;2021;255. FABIOLA ARENAS SEPULVEDA;IND;440;6.72;;IND
VILLA ALEGRE;2021;256. ALVARO DIEGUEZ ANGULO;IND;1184;18.08;;IND
YERBAS BUENAS;2021;250. LUIS GILBERTO CADEGAN MORAN;IND;3760;56.34;Electo;XU
YERBAS BUENAS;2021;251. EVA PALMA LEAL;RN;2610;39.11;;XX
YERBAS BUENAS;2021;252. JAIME RODOLFO CLARET ARIAS;IND;304;4.55;;IND
BULNES;2021;250. JORGE HIDALGO OÑATE;IND;1581;17.82;;K
BULNES;2021;251. THELMA ZANIRA GUZMAN ASENCIO;PCCH;985;11.1;;M
BULNES;2021;252. EUGENIO ULISES MEDINA PARRA;IND;1882;21.21;;XX
BULNES;2021;253. GUILLERMO YEBER RODRIGUEZ;IND;4424;49.86;Electo;IND
CHILLAN;2021;250. CAMILO BENAVENTE JIMENEZ;PPD;33268;62.01;Electo;K
CHILLAN;2021;251. MANUEL HERIBERTO REYES PINOCHET;IND;4559;8.5;;XO
CHILLAN;2021;252. PAOLA BECKER VILLA;IND;8599;16.03;;XX
CHILLAN;2021;253. PATRICIA INES PINO CEBALLOS;PH;3938;7.34;;XY
CHILLAN;2021;254. MARCELO CONTRERAS MUÑOZ;PEV;3287;6.13;;XZ
CHILLAN VIEJO;2021;250. JOSE ANTONIO SILVA ESPINOZA;PS;1875;19.27;;K
CHILLAN VIEJO;2021;251. RODRIGO ANTONIO ARZOLA HELO;IND;1207;12.4;;XX
CHILLAN VIEJO;2021;252. JORGE DEL POZO PASTENE;IND;4145;42.6;Electo;IND
CHILLAN VIEJO;2021;253. RODOLFO GAZMURI SANCHEZ;IND;1460;15;;IND
CHILLAN VIEJO;2021;254. CARLOS HERNANDEZ MUÑOZ;IND;543;5.58;;IND
CHILLAN VIEJO;2021;255. ESTEBAN DAVID MISLE MUÑOZ;IND;501;5.15;;IND
COBQUECURA;2021;250. JULIO MANUEL ALBERTO FUENTES ALARCON;IND;1922;48.05;Electo;K
COBQUECURA;2021;251. FERNANDA TORRES ORELLANA;IND;164;4.1;;XX
COBQUECURA;2021;252. JORGE EDUARDO ROMERO VILLALOBOS;IND;1914;47.85;;IND
COELEMU;2021;250. ALEJANDRO RODRIGO PEDREROS URRUTIA;IND;4611;53.84;Electo;K
COELEMU;2021;251. LAURA ARAVENA ALARCON;RN;3737;43.64;;XX
COELEMU;2021;252. JUAN ESCALONA GONZALEZ;IND;216;2.52;;XZ
COIHUECO;2021;250. JUAN OLAVE PEDRAZA;IND;1631;19.51;;K
COIHUECO;2021;251. CRISTIAN ALFREDO HERRERA CARO;PCCH;452;5.41;;M
COIHUECO;2021;252. CARLOS CHANDIA ALARCON;RN;6278;75.09;Electo;XX
EL CARMEN;2021;250. JOSE HERNANDO SAN MARTIN RUBILAR;PDC;3450;51.85;Electo;XU
EL CARMEN;2021;251. RENAN CABEZAS ARROYO;RN;3204;48.15;;XX
NINHUE;2021;250. LUIS ALBERTO MOLINA MELO;IND;2180;54.69;Electo;XU
NINHUE;2021;251. DANIEL ARRIAGADA JARA;UDI;572;14.35;;XX
NINHUE;2021;252. RONALD ALEXIS TASSARA ESPINOZA;IND;1080;27.09;;IND
NINHUE;2021;253. ROBERTO CONTRERAS CONTRERAS;IND;154;3.86;;IND
NIQUEN;2021;250. PABLO JIMENEZ ACUÑA;PS;1399;30.55;;K
NIQUEN;2021;251. JOSE ALFREDO FICA PEÑA;IND;407;8.89;;XS
NIQUEN;2021;252. MANUEL PINO TURRA;UDI;2774;60.57;Electo;XX
PEMUCO;2021;250. ISMAEL ULISES PALMA GUIÑEZ;PDC;2069;47.33;;XU
PEMUCO;2021;251. JOHNNSON GUIÑEZ NUÑEZ;IND;2302;52.67;Electo;XX
PINTO;2021;250. JORGE ARIAS ZUMAETA;IND;727;13.02;;K
PINTO;2021;251. MANUEL JESUS GUZMAN AEDO;UDI;3068;54.96;Electo;XX
PINTO;2021;252. JUAN CARLOS SAEZ FREIRE;IND;1292;23.15;;IND
PINTO;2021;253. GABRIELA RODRIGUEZ BUSTAMANTE;IND;495;8.87;;IND
PORTEZUELO;2021;250. RENE SCHUFFENEGER SALAS;RN;2525;100;Electo;XX
QUILLON;2021;250. MIGUEL ALFONSO PEÑA JARA;PDC;3327;52.53;Electo;XU
QUILLON;2021;251. HILDA QUEZADA BRAVO;RN;2363;37.31;;XX
QUILLON;2021;252. JOSE LUIS GUZMAN FERNANDEZ;IND;180;2.84;;XY
QUILLON;2021;253. IGNACIO SANHUEZA PATIÑO;IND;463;7.31;;IND
QUIRIHUE;2021;250. RICHARD PATRICIO IRRIBARRA RAMIREZ;PR;2935;50.46;Electo;K
QUIRIHUE;2021;251. SEBASTIAN GODOY BUSTOS;UDI;754;12.96;;XX
QUIRIHUE;2021;252. JOSE PEDRO HADI PINO;IND;2127;36.57;;IND
RANQUIL;2021;250. BENITO BRAVO DELGADO;PPD;1248;33.84;;K
RANQUIL;2021;251. NICOLAS ALFONSO TORRES OVALLE;RN;2235;60.6;Electo;XX
RANQUIL;2021;252. CARLOS ALBERTO GARCIA VERA;IND;78;2.11;;IND
RANQUIL;2021;253. CHRISTIAN ASTUDILLO MUÑOZ;IND;127;3.44;;IND
SAN CARLOS;2021;250. WILLIAMS GASTON SUAZO SOTO;PS;5091;33.45;Electo;K
SAN CARLOS;2021;251. CESAR ERNESTO ORTIZ GALLEGOS;IND;1423;9.35;;XO
SAN CARLOS;2021;252. LORENA JARDUA CAMPOS;IND;3477;22.84;;XX
SAN CARLOS;2021;253. GISSELLE AVILA BUSTOS;IND;433;2.84;;XZ
SAN CARLOS;2021;254. MARIA ISABEL GARCIA NAVARRETE;IND;1041;6.84;;IND
SAN CARLOS;2021;255. RUBEN ESTEBAN MENDEZ VENEGAS;IND;3757;24.68;;IND
SAN FABIAN;2021;250. ENRIQUE OLIVARES LANDAETA;IND;752;24.45;;K
SAN FABIAN;2021;251. CLAUDIO ALMUNA GARRIDO;RN;927;30.14;Electo;XX
SAN FABIAN;2021;252. FERNANDO ANTONIO CORREA SANDOVAL;IND;857;27.86;;IND
SAN FABIAN;2021;253. CRISTOFER ANTONIO VALDES GONZALEZ;IND;540;17.56;;IND
SAN IGNACIO;2021;250. MARTIN FIGUEROA PONCE;IND;2422;40.56;;XX
SAN IGNACIO;2021;251. SERGIO GONZALEZ MENDEZ;IND;1099;18.4;;IND
SAN IGNACIO;2021;252. CESAR FIGUEROA BETANCOURT;IND;2451;41.04;Electo;IND
SAN NICOLAS;2021;250. SILVANA ANDREA NEIRA LLANOS;PDC;1515;24.11;;XU
SAN NICOLAS;2021;251. VICTOR HUGO RICE SANCHEZ;RN;2880;45.84;Electo;XX
SAN NICOLAS;2021;252. JAIME BUSTOS ESPINOZA;IND;402;6.4;;IND
SAN NICOLAS;2021;253. MANUEL EDUARDO BELLO NUÑEZ;IND;1486;23.65;;IND
TREGUACO;2021;250. EDUARDO CELEDONIO VALENZUELA SALAZAR;PDC;773;17.91;;XU
TREGUACO;2021;251. JORGE MORALES SANHUEZA;UDI;1263;29.27;;XX
TREGUACO;2021;252. VICTOR MANUEL CHANDIA ARCE;IND;879;20.37;;IND
TREGUACO;2021;253. RAUL ESPEJO ESCOBAR;IND;1400;32.44;Electo;IND
YUNGAY;2021;250. RAFAEL CIFUENTES RODRIGUEZ;PS;2435;34.72;Electo;K
YUNGAY;2021;251. SEBASTIAN DEL CARMEN BAEZA BAEZA;IND;176;2.51;;YC
YUNGAY;2021;252. JUAN MANUEL LOPEZ RIVAS;IND;390;5.56;;IND
YUNGAY;2021;253. FRANCISCO GUIÑEZ ARRIAGADA;IND;1409;20.09;;IND
YUNGAY;2021;254. RODRIGO STUARDO HERNANDEZ;IND;618;8.81;;IND
YUNGAY;2021;255. JUANA SANDOVAL ROJAS;IND;1986;28.31;;IND
ALTO BIOBIO;2021;250. NIVALDO PIÑALEO LLAULEN;PPD;1651;52.38;Electo;K
ALTO BIOBIO;2021;251. JOSE MARIA PEREIRA CANIO;IND;83;2.63;;M
ALTO BIOBIO;2021;252. PEDRO LUCIANO MANQUEPI VIVANCO;UDI;579;18.37;;XX
ALTO BIOBIO;2021;253. FELIX VITA MANQUEPI;IND;810;25.7;;IND
ALTO BIOBIO;2021;254. ROGELIO MARIHUAN ANCANAO;IND;29;0.92;;IND
ANTUCO;2021;250. DIEGO FRANCISCO PEÑA GUTIERREZ;RN;160;6.41;;XX
ANTUCO;2021;251. MIGUEL ABUTER LEON;IND;977;39.13;Electo;IND
ANTUCO;2021;252. SANDRA LILIANA BOBADILLA CISTERNA;IND;732;29.32;;IND
ANTUCO;2021;253. CLAUDIO ANDRES REYES JELVES;IND;511;20.46;;IND
ANTUCO;2021;254. JORGE CORREA RIOS;IND;117;4.69;;IND
ARAUCO;2021;250. GONZALO MAURICIO GAYOSO SAEZ;PS;5132;39.24;Electo;K
ARAUCO;2021;251. MIGUEL JAIR SALDIAS SEPULVEDA;PCC;164;1.25;;YC
ARAUCO;2021;252. WALTER RODRIGUEZ LEAL;IND;1075;8.22;;IND
ARAUCO;2021;253. ELIZABETH NOEMI MARICAN RIVAS;IND;5128;39.21;;IND
ARAUCO;2021;254. HECTOR RAUL ULLOA MACHUCA;IND;626;4.79;;IND
ARAUCO;2021;255. HECTOR BRAVO BARRALES;IND;953;7.29;;IND
CABRERO;2021;250. CLAUDIO ANTONIO GONZALEZ RIVERA;IND;633;5.26;;K
CABRERO;2021;251. YUSEF SABAG ARANEDA;IND;4903;40.72;;IND
CABRERO;2021;252. MARIO ALEJANDRO GIERKE QUEVEDO;IND;6504;54.02;Electo;IND
CANETE;2021;250. OLGA PAMELA SALGADO MOLINA;PR;3647;37.37;;K
CANETE;2021;251. JORGE RADONICH BARRA;RN;6111;62.63;Electo;XX
CHIGUAYANTE;2021;250. ANTONIO RIVAS VILLALOBOS;PS;15048;49.98;Electo;K
CHIGUAYANTE;2021;251. JESSICA FLORES REYES;IND;4614;15.33;;XX
CHIGUAYANTE;2021;252. JORGE CARLOS LOZANO ZAPATA;IND;10444;34.69;;IND
CONCEPCION;2021;250. CAMILA ALONDRA POLIZZI FONCECA;IND;6625;8.33;;XS
CONCEPCION;2021;251. ALVARO ORTIZ VERA;PDC;30000;37.71;Electo;XU
CONCEPCION;2021;252. MARLENE PEREZ CARTES;IND;17820;22.4;;XX
CONCEPCION;2021;253. ERIC PINTO VIGUERA;IND;5821;7.32;;XZ
CONCEPCION;2021;254. CAMILO ALEJANDRO RIFFO QUINTANA;IND;19280;24.24;;IND
CONTULMO;2021;250. DIEGO EDUARDO IBAÑEZ BURGOS;PRO;344;10.18;;XU
CONTULMO;2021;251. MAURICIO LEBRECHT SPERBERG;UDI;1440;42.6;;XX
CONTULMO;2021;252. CARLOS ARTURO LEAL NEIRA;IND;1596;47.22;Electo;IND
CORONEL;2021;250. LUIS ANDRES CHAMORRO BARRIENTOS;REPUBLICA.;1427;3.78;;XO
CORONEL;2021;251. LUIS ARTURO RODRIGUEZ CAMPOS;RN;1354;3.58;;XX
CORONEL;2021;252. JOSE SUAZO MUÑOZ;IND;4315;11.42;;IND
CORONEL;2021;253. BORIS FELIPE CHAMORRO REBOLLEDO;IND;22554;59.69;Electo;IND
CORONEL;2021;254. GONZALO OSORIO RIOSECO;IND;8137;21.53;;IND
CURANILAHUE;2021;250. LUIS GENGNAGEL GUTIERREZ;IND;5284;43.05;;XX
CURANILAHUE;2021;251. ALEJANDRA BURGOS BIZAMA;IND;6989;56.95;Electo;IND
FLORIDA;2021;250. JORGE ELIECER ROA VILLEGAS;PDC;1733;41.68;Electo;XU
FLORIDA;2021;251. CRISTIAN LEONARDO PEÑA PASTEN;RN;1570;37.76;;XX
FLORIDA;2021;252. LUIS TORRES GAMBOA;IND;855;20.56;;IND
HUALPEN;2021;250. MIGUEL RIVERA MORALES;PPD;7433;21.85;Electo;K
HUALPEN;2021;251. HECTOR RAUL TORRES FUENTES;PCCH;1044;3.07;;M
HUALPEN;2021;252. MARCELA MAKARENA WEBER JARA;REPUBLICA.;528;1.55;;XO
HUALPEN;2021;253. ORNELLA BELIA CONCHA HERMOSILLA;RD;2183;6.42;;XS
HUALPEN;2021;254. GABRIEL TORRES HERMOSILLA;IND;5041;14.82;;XX
HUALPEN;2021;255. SANDRA TATIANA VELASQUEZ PALMA;PH;474;1.39;;XY
HUALPEN;2021;256. CLAUDIO PRADENA BARRIENTOS;IND;1744;5.13;;XZ
HUALPEN;2021;257. ISMAEL IGNACIO OLMOS ALARCON;IND;6637;19.51;;IND
HUALPEN;2021;258. KATHERINE TORRES MACHUCA;IND;6362;18.71;;IND
HUALPEN;2021;259. JUAN GUILLERMO CRUZ RIVERA;IND;2566;7.54;;IND
HUALQUI;2021;250. ERIKA MONTOYA LLANOS;IND;2767;29.04;;K
HUALQUI;2021;251. JORGE ALEJANDRO CONTANZO BRAVO;IND;6760;70.96;Electo;IND
LAJA;2021;250. ERNESTO DEL ROSARIO FICA TOLEDO;PCCH;197;2.04;;M
LAJA;2021;251. JOSE JOAQUIN SANHUEZA VILLAMAN;IND;526;5.45;;XU
LAJA;2021;252. VLADIMIR FICA TOLEDO;RN;2872;29.75;;XX
LAJA;2021;253. ROBERTO ELIAS QUINTANA INOSTROZA;IND;5251;54.4;Electo;IND
LAJA;2021;254. HECTOR PEREZ AGUAYO;IND;745;7.72;;IND
LAJA;2021;255. ALEX ADRIAN OSSES OSSES;IND;62;0.64;;IND
LEBU;2021;250. CRISTIAN ABEL JORGE PEÑA MORALES;IND;6744;72.72;Electo;XU
LEBU;2021;251. MARCELA ALEJANDRA TIZNADO FERNANDEZ;IND;2530;27.28;;XX
LOS ALAMOS;2021;250. VIVIANA OLAVE ROSALES;PS;1319;16.29;;K
LOS ALAMOS;2021;251. PABLO VEGAS VERDUGO;UDI;3704;45.75;Electo;XX
LOS ALAMOS;2021;252. PEDRO PABLO VALENZUELA CASTRO;IND;142;1.75;;XZ
LOS ALAMOS;2021;253. PAOLA MELITA VINETT;IND;2282;28.18;;IND
LOS ALAMOS;2021;254. ALVARO ALONSO ALARCON JEREZ;IND;650;8.03;;IND
LOS ANGELES;2021;250. ESTEBAN EDUARDO KRAUSE SALAZAR;PR;36579;77.25;Electo;K
LOS ANGELES;2021;251. BRUNO VYHMEISTER LOPEZ;UDI;10772;22.75;;XX
LOTA;2021;250. MAURICIO VELASQUEZ VALENZUELA;IND;5692;26.94;;K
LOTA;2021;251. TAMARA ANGELICA CONCHA CABRERA;PCCH;2944;13.93;;M
LOTA;2021;252. CARLA JAZMINA CEBALLOS SANTIBAÑEZ;EVOPOLI;2415;11.43;;XX
LOTA;2021;253. CARLOS EUGENIO OLAVE GARRIDO;IND;1829;8.66;;IND
LOTA;2021;254. PATRICIO MARCHANT ULLOA;IND;8250;39.04;Electo;IND
MULCHEN;2021;250. JORGE ALBERTO RIVAS FIGUEROA;PDC;4636;48.03;Electo;XU
MULCHEN;2021;251. GUILLERMO BREVIS PEREIRA;RN;791;8.2;;XX
MULCHEN;2021;252. JOSE LUIS ULLOA MORGENSTERN;IND;3909;40.5;;IND
MULCHEN;2021;253. SANDRA EUGENIA MARGARITA DUHALDE ARRIAGADA;IND;316;3.27;;IND
NACIMIENTO;2021;250. HUGO INOSTROZA RAMIREZ;PPD;4210;45.38;;K
NACIMIENTO;2021;251. CARLOS TOLOZA SOTO;UDI;5067;54.62;Electo;XX
NEGRETE;2021;250. ALFREDO ALEJANDRO PEÑA PEÑA;PR;2532;54.22;Electo;K
NEGRETE;2021;251. PLACIDO VIDAL BARNACHEA;UDI;2138;45.78;;XX
PENCO;2021;250. VICTOR HUGO FIGUEROA REBOLLEDO;PDC;13422;70.58;Electo;XU
PENCO;2021;251. HECTOR GUILLERMO PEÑAILILLO NUÑEZ;UDI;5596;29.42;;XX
QUILACO;2021;250. PABLO ANTONIO URRUTIA MALDONADO;IND;1330;56;Electo;XU
QUILACO;2021;251. FREDY BARRUETO VIVEROS;IND;1045;44;;XX
QUILLECO;2021;250. RODRIGO MARIANO TAPIA AVELLO;IND;2404;50.93;Electo;IND
QUILLECO;2021;251. JAIME AURELIO QUILODRAN ACUÑA;IND;2316;49.07;;IND
SAN PEDRO DE LA PAZ;2021;250. ANDREA MUÑOZ ARAYA;PPD;4778;12.48;;K
SAN PEDRO DE LA PAZ;2021;251. DAVID ISRAEL GAETE MEZA;IND;893;2.33;;XO
SAN PEDRO DE LA PAZ;2021;252. JUAN PABLO SPOERER BRITO;EVOPOLI;7617;19.9;;XX
SAN PEDRO DE LA PAZ;2021;253. LUIS JARA ABADIA;IND;2596;6.78;;XZ
SAN PEDRO DE LA PAZ;2021;254. IGNACIO SAPIAIN MARTINEZ;IND;2702;7.06;;IND
SAN PEDRO DE LA PAZ;2021;255. MARIA ANGELICA OJEDA SANHUEZA;IND;4345;11.35;;IND
SAN PEDRO DE LA PAZ;2021;256. JAVIER GUIÑEZ CASTRO;IND;8043;21.01;Electo;IND
SAN PEDRO DE LA PAZ;2021;257. RENE BETANZO GOMEZ;IND;6401;16.72;;IND
SAN PEDRO DE LA PAZ;2021;258. GABRIEL EDUARDO PEREZ BENAVIDES;IND;900;2.35;;IND
SANTA BARBARA;2021;250. DANIEL SEBASTIAN SALAMANCA PEREZ;PDC;2377;52.75;Electo;XU
SANTA BARBARA;2021;251. CRISTIAN OSES ABUTER;RN;2129;47.25;;XX
SANTA JUANA;2021;250. JOCSAN AGUSTIN SANHUEZA VALDEBENITO;PDC;1099;17.06;;XU
SANTA JUANA;2021;251. FRANCISCO SOTO RECABAL;UDI;2492;38.68;;XX
SANTA JUANA;2021;252. ANA ALBORNOZ CUEVAS;IND;2851;44.26;Electo;IND
TALCAHUANO;2021;250. EDUARDO SAAVEDRA BUSTOS;PS;10813;22.24;;K
TALCAHUANO;2021;251. HENRY CAMPOS COA;UDI;14422;29.66;Electo;XX
TALCAHUANO;2021;252. CRISTHIAN LAGOS PALMA;IND;5467;11.24;;XZ
TALCAHUANO;2021;253. LEOCAN PORTUS URBINA;IND;9890;20.34;;IND
TALCAHUANO;2021;254. JUAN CARLOS VENEGAS VILLA;IND;4298;8.84;;IND
TALCAHUANO;2021;255. CRISTIAN CAMPOS JARA;IND;3740;7.69;;IND
TIRUA;2021;250. ANDREA REINAO MILLAHUAL;PPD;1115;26.54;;K
TIRUA;2021;251. JORGE LINCOPI MARIHUEN;UDI;1161;27.64;;XX
TIRUA;2021;252. JOSE LINCO GARRIDO;IND;1925;45.82;Electo;IND
TOME;2021;250. IVONNE RIVAS ORTIZ;PDC;6605;29.44;Electo;XU
TOME;2021;251. LARRY SANDOVAL LARA;UDI;3026;13.49;;XX
TOME;2021;252. SANDRA OLIVA JIMENEZ;IGUALDAD;441;1.97;;XY
TOME;2021;253. ITALO CACERES LIZANA;IND;5139;22.9;;IND
TOME;2021;254. SOLEDAD PORTALES PACHECO;IND;2494;11.12;;IND
TOME;2021;255. LUIS ALEJANDRO MOLINA VEGA;IND;1785;7.96;;IND
TOME;2021;256. EDUARDO AGUILERA AGUILERA;IND;2067;9.21;;IND
TOME;2021;257. CARLOS LOPEZ SANCHEZ;IND;880;3.92;;IND
TUCAPEL;2021;250. CARLOS DE LA CRUZ VARGAS;PS;1267;22.42;;K
TUCAPEL;2021;251. JAIME VELOSO JARA;RN;4383;77.58;Electo;XX
YUMBEL;2021;250. YOLANDA ANGELICA DEL CARMEN ROMERO PEÑA;PDC;1106;11.98;;XU
YUMBEL;2021;251. CRISTIAN KARIN CERRO GARRIDO;IND;1175;12.73;;XY
YUMBEL;2021;252. CARLOS ANDRES PINILLA PINILLA;IND;790;8.56;;IND
YUMBEL;2021;253. JUAN CABEZAS VEGA;IND;2398;25.97;;IND
YUMBEL;2021;254. JOSE AURELIO SAEZ VINET;IND;2567;27.8;Electo;IND
YUMBEL;2021;255. RAUL IVAN VARGAS SANZANA;IND;1197;12.96;;IND
ANGOL;2021;250. EDUARDO FRANCISCO CONTRERAS DIAZ;PR;1836;11.63;;K
ANGOL;2021;251. ENRIQUE NEIRA NEIRA;IND;8570;54.29;Electo;XX
ANGOL;2021;252. SERGIO ANIBAL PAREDES MONTOYA;IND;1694;10.73;;IND
ANGOL;2021;253. ROLANDO GARCES NUÑEZ;IND;607;3.84;;IND
ANGOL;2021;254. AMERICO LANTAÑO MUÑOZ;IND;1296;8.21;;IND
ANGOL;2021;255. OBDULIO SEGUNDO VALDEBENITO BURGOS;IND;1784;11.3;;IND
CARAHUE;2021;250. PEDRO VERA PAREDES;PPD;3112;29.37;;K
CARAHUE;2021;251. GERSON RILDO CAYUQUEO RIQUELME;FREVS;261;2.46;;M
CARAHUE;2021;252. ALEJANDRO SAEZ VELIZ;UDI;4169;39.35;Electo;XX
CARAHUE;2021;253. SAMIR MANUKIAN ZUÑIGA;IND;3054;28.82;;IND
CHOLCHOL;2021;250. MANUEL LEVIO ACUÑA;PPD;404;6.4;;K
CHOLCHOL;2021;251. SILVIA ANIÑIR CURIVIL;UDI;222;3.51;;XX
CHOLCHOL;2021;252. LUIS ALFREDO HUIRILEF BARRA;IND;3007;47.6;Electo;IND
CHOLCHOL;2021;253. VERONICA SALAS CARRASCO;IND;2557;40.48;;IND
CHOLCHOL;2021;254. LUIS RAUL HUENCHULEO GALLEGOS;IND;127;2.01;;IND
COLLIPULLI;2021;250. LEOPOLDO RODOLFO ROSALES NEIRA;PS;1975;24.03;;K
COLLIPULLI;2021;251. EMA LUDGARDA VIDAL DIAZ;REPUBLICA.;517;6.29;;XO
COLLIPULLI;2021;252. MANUEL MACAYA RAMIREZ;IND;3869;47.08;Electo;XX
COLLIPULLI;2021;253. FRANCISCO ANTONIO QUIDULEO CABRERA;IND;1058;12.87;;IND
COLLIPULLI;2021;254. ALEJANDRA CECILIA MALIAN COLLIO;IND;799;9.72;;IND
CUNCO;2021;250. RODRIGO PACHECO BURGOS;PPD;2310;30.05;;K
CUNCO;2021;251. CARLOS OCAMPO HERRERA;IND;1740;22.64;;IND
CUNCO;2021;252. ALFONSO COKE CANDIA;IND;3637;47.31;Electo;IND
CURACAUTIN;2021;250. ANIBAL ALEJANDRO CARRILLO HUAIQUILAF;IND;2418;37.56;;XU
CURACAUTIN;2021;251. DAVID SANDOVAL BEROIZA;RN;523;8.12;;XX
CURACAUTIN;2021;252. VICTOR MANUEL BARRERA BARRERA;IND;3176;49.33;Electo;IND
CURACAUTIN;2021;253. GABRIELA MALDONADO BASTIAS;IND;218;3.39;;IND
CURACAUTIN;2021;254. ALEJANDRA AQUEVEQUE GUERRERO;IND;103;1.6;;IND
CURARREHUE;2021;250. ABEL PAINEFILO BARRIGA;PPD;1916;50.9;Electo;K
CURARREHUE;2021;251. HECTOR CARRASCO RUIZ;RN;1575;41.84;;XX
CURARREHUE;2021;252. GASTON ARRIAGADA SIERRA;PEV;273;7.25;;XZ
ERCILLA;2021;250. VALENTIN ENRIQUE VIDAL HERNANDEZ;IND;1488;41.48;Electo;XU
ERCILLA;2021;251. FREDY AVELLO PEREZ;IND;488;13.6;;XX
ERCILLA;2021;252. LUIS ORELLANA ROCHA;IND;1360;37.91;;IND
ERCILLA;2021;253. RODE ERWIN OBREQUE VILLEGAS;IND;86;2.4;;IND
ERCILLA;2021;254. HERBERT DICKSON PAREDES TOLEDO;IND;165;4.6;;IND
FREIRE;2021;250. LUIS ARMANDO ARIAS LOPEZ;PDC;2683;32.21;Electo;XU
FREIRE;2021;251. JOSE BRAVO BURGOS;RN;2594;31.14;;XX
FREIRE;2021;252. ERWIN ORELLANA SAEZ;IND;1163;13.96;;IND
FREIRE;2021;253. DILON ALVAREZ MORAN;IND;384;4.61;;IND
FREIRE;2021;254. PILAR LAGOS RETAMAL;IND;1505;18.07;;IND
GALVARINO;2021;250. SEGUNDO JOSE MILLALEN PAILLAL;IND;1626;27.9;;M
GALVARINO;2021;251. MARCOS EDGARDO HERNANDEZ ROJAS;IND;2299;39.45;Electo;XU
GALVARINO;2021;252. HANS OSVALDO GONZALEZ ESPINOZA;RN;1902;32.64;;XX
GORBEA;2021;250. JORGE ANDRES ROMERO MARTINEZ;PDC;3767;53;Electo;XU
GORBEA;2021;251. GUIDO SIEGMUND GONZALEZ;UDI;2740;38.55;;XX
GORBEA;2021;252. GERARDO RODRIGUEZ HIDALGO;IND;600;8.44;;IND
LAUTARO;2021;250. RAUL ALBERTO SCHIFFERLI DIAZ;IND;9449;78.45;Electo;XU
LAUTARO;2021;251. FERNANDO JAVIER GARRIDO MERA;RN;795;6.6;;XX
LAUTARO;2021;252. GUILLERMO HERNAN JARAMILLO SALAZAR;IND;1800;14.95;;XY
LONCOCHE;2021;250. JULIA CARES PINEDA;IND;108;1.16;;IND
LONCOCHE;2021;251. SANDRA GRANZOTTO MARDONES;IND;1076;11.54;;IND
LONCOCHE;2021;252. ALEXIS PINEDA RUIZ;IND;3722;39.92;Electo;IND
LONCOCHE;2021;253. NELSON FUENTES ACUÑA;IND;1136;12.18;;IND
LONCOCHE;2021;254. ALBERTO FELIPE VELASQUEZ CASTRO;IND;3282;35.2;;IND
LONQUIMAY;2021;250. NIBALDO ALEGRIA ALEGRIA;IND;3229;50.9;Electo;XU
LONQUIMAY;2021;251. JOSE GUIDO BARRIA OYARZUN;IND;2046;32.25;;XX
LONQUIMAY;2021;252. EVARISTO CURICAL ÑANCO;IND;992;15.64;;IND
LONQUIMAY;2021;253. JORGE BENEDICTO AROCA MELIÑIR;IND;77;1.21;;IND
LOS SAUCES;2021;250. VALESKA SANHUEZA CID;IND;629;15.29;;XU
LOS SAUCES;2021;251. GASTON MELLA ARZOLA;UDI;1777;43.18;Electo;XX
LOS SAUCES;2021;252. PABLO RODRIGUEZ CASTILLO;IND;85;2.07;;IND
LOS SAUCES;2021;253. VICTOR HUGO GONZALEZ RODRIGUEZ;IND;1624;39.47;;IND
LUMACO;2021;250. IRENIA ATARACIA QUINTANA GONZALEZ;PS;1405;28.44;;K
LUMACO;2021;251. CLAUDIO NESTOR MOLINA NAHUELPI;PCCH;199;4.03;;M
LUMACO;2021;252. RICHARD LEONELLI CONTRERAS;IND;2953;59.77;Electo;XX
LUMACO;2021;253. EVANS GREGORIO CURIN HUENCHUÑIR;IND;384;7.77;;IND
MELIPEUCO;2021;250. ALEJANDRO CUMINAO BARROS;IND;1943;52.66;Electo;K
MELIPEUCO;2021;251. EDUARDO NAVARRETE FUENTES;UDI;1207;32.71;;XX
MELIPEUCO;2021;252. MIGUEL ANGEL CERDA VETTER;IND;69;1.87;;IND
MELIPEUCO;2021;253. CARLOS SEPULVEDA MOLINA;IND;471;12.76;;IND
NUEVA IMPERIAL;2021;250. GREGORIANA LLANQUILAY CAYUQUEO TRARUPIL;IND;662;4.95;;M
NUEVA IMPERIAL;2021;251. CESAR HIPOLITO SEPULVEDA HUERTA;PDC;4524;33.85;Electo;XU
NUEVA IMPERIAL;2021;252. MARISOL MUÑOZ CANOBI;UDI;508;3.8;;XX
NUEVA IMPERIAL;2021;253. PAOLA AURORA AGUILERA TORRES;IND;476;3.56;;IND
NUEVA IMPERIAL;2021;254. MIGUEL SUAREZ MOLINA;IND;1882;14.08;;IND
NUEVA IMPERIAL;2021;255. RODRIGO PACHECO AGUILERA;IND;1882;14.08;;IND
NUEVA IMPERIAL;2021;256. CLAUDIA LECERF HENRIQUEZ;IND;3431;25.67;;IND
PADRE LAS CASAS;2021;250. ROBERTO VICENTE MELIQUEO DIEGO;FREVS;1020;5.43;;M
PADRE LAS CASAS;2021;251. EDUARDO VICENCIO SALGADO;PDC;449;2.39;;XU
PADRE LAS CASAS;2021;252. RAUL ROBERTO HENRIQUEZ BURGOS;RN;5620;29.93;;XX
PADRE LAS CASAS;2021;253. DAVID ESPINOZA SALAMANCA;IGUALDAD;1081;5.76;;XY
PADRE LAS CASAS;2021;254. GUSTAVO ADOLFO SATARAIN VALENZUELA;PCC;307;1.63;;YC
PADRE LAS CASAS;2021;255. MARIO GONZALEZ REBOLLEDO;IND;8004;42.63;Electo;IND
PADRE LAS CASAS;2021;256. ALEX MAURICIO HENRIQUEZ ARANEDA;IND;2296;12.23;;IND
PERQUENCO;2021;250. ALEJANDRO SEPULVEDA TAPIA;PPD;2184;57.7;Electo;K
PERQUENCO;2021;251. RICARDO GREEN RIVERA;IND;189;4.99;;IND
PERQUENCO;2021;252. DOMINGO NAHUELCURA ANTILAO;IND;338;8.93;;IND
PERQUENCO;2021;253. LUIS ALBERTO ESCOBAR GALLARDO;IND;1074;28.38;;IND
PITRUFQUEN;2021;250. JORGE JARAMILLO HOTT;PPD;4334;44.68;;K
PITRUFQUEN;2021;251. JACQUELINE ROMERO INZUNZA;RN;4402;45.38;Electo;XX
PITRUFQUEN;2021;252. HUMBERTO CATALAN CANDIA;IND;964;9.94;;IND
PUCON;2021;250. BLANCA EUGENIA BERAUD FERNANDEZ;PDC;1495;14.04;;XU
PUCON;2021;251. CARLOS BARRA MATAMALA;RN;3834;36.01;Electo;XX
PUCON;2021;252. EDITA MANSILLA BARRIA;IND;3643;34.22;;IND
PUCON;2021;253. MARIO PEÑAFIEL ESPINOZA;IND;1675;15.73;;IND
PUREN;2021;250. JORGE RIVERA LEAL;PPD;2277;40.05;Electo;K
PUREN;2021;251. JUAN ALONSO LEVIO;RN;711;12.51;;XX
PUREN;2021;252. BENIGNO QUIÑONES LARA;IND;605;10.64;;IND
PUREN;2021;253. RENATO ALARCON BOISIER;IND;311;5.47;;IND
PUREN;2021;254. SANDRA VALDERRAMA BELTRAN;IND;1663;29.25;;IND
PUREN;2021;255. PEDRO HECTOR ORELLANA MOLINA;IND;118;2.08;;IND
RENAICO;2021;250. MARCELO VELOSO AGUILAR;RN;1496;31.72;;XX
RENAICO;2021;251. ANTONIO JIMENEZ GATICA;IND;453;9.6;;IND
RENAICO;2021;252. JUAN CARLOS REINAO MARILAO;IND;2183;46.28;Electo;IND
RENAICO;2021;253. PATRICIO BELMAR FUENTES;IND;585;12.4;;IND
SAAVEDRA;2021;250. RICARDO TRIPAINAO CALFULAF;PPD;2973;43.53;;K
SAAVEDRA;2021;251. JUAN DE DIOS PAILLAFIL CALFULEN;IND;3856;56.47;Electo;IND
TEMUCO;2021;250. ROBERTO NEIRA ABURTO;PPD;30323;36.22;Electo;K
TEMUCO;2021;251. MIGUEL ANGEL CORTES IBARRA;IND;5659;6.76;;M
TEMUCO;2021;252. DANIEL SCHMIDT MC LACHLAN;IND;26535;31.7;;XX
TEMUCO;2021;253. JESSICA ALEJANDRA MENDEZ CANAVES;PEV;5721;6.83;;XZ
TEMUCO;2021;254. FELIPE VALDEBENITO LEIVA;IND;15481;18.49;;IND
TEODORO SCHMIDT;2021;250. ALFREDO RIQUELME ARRIAGADA;PPD;2542;38;;K
TEODORO SCHMIDT;2021;251. BALDOMERO SANTOS VIDAL;UDI;2610;39.02;Electo;XX
TEODORO SCHMIDT;2021;252. IRENIO SEGUNDO MONTECINOS HENRIQUEZ;IND;950;14.2;;IND
TEODORO SCHMIDT;2021;253. PATRICIA ANDREA ITURRA APABLAZA;IND;587;8.78;;IND
TOLTEN;2021;250. SANDRA BEATRIZ ALFARO CHAVEZ;PRO;331;7.39;;XU
TOLTEN;2021;251. GUILLERMO MARTINEZ SOTO;UDI;3095;69.08;Electo;XX
TOLTEN;2021;252. JOSE ORMEÑO TRONCOSO;IND;1054;23.53;;XZ
TRAIGUEN;2021;250. RICARDO SANHUEZA PIRCE;IND;3738;51.77;Electo;K
TRAIGUEN;2021;251. LUIS ALVAREZ VALENZUELA;IND;3482;48.23;;XX
VICTORIA;2021;250. JORGE SAFFIRIO ESPINOZA;PDC;1520;12.2;;XU
VICTORIA;2021;251. HUGO MONSALVES CASTILLO;IND;3803;30.51;;XX
VICTORIA;2021;252. JAVIER ALEJANDRO JARAMILLO SOTO;IND;5070;40.68;Electo;IND
VICTORIA;2021;253. ARIEL GUZMAN ITURRA;IND;2070;16.61;;IND
VILCUN;2021;250. SUSANA AGUILERA VEGA;PPD;4131;38.3;;K
VILCUN;2021;251. KATHERINNE MIGUELES MUÑOZ;RN;5120;47.46;Electo;XX
VILCUN;2021;252. LUIS ESTEBAN FIGUEROA HUECHO;IND;1536;14.24;;IND
VILLARRICA;2021;250. MANUEL ANTONIO ANSALDO HILL;IND;549;2.93;;M
VILLARRICA;2021;251. RUBEN ALEX ESPARZA JARA;PNC;850;4.54;;XE
VILLARRICA;2021;252. INGRID ELIANA PRAMBS KLOCKER;PDC;2298;12.27;;XU
VILLARRICA;2021;253. RONAL SEIFFERT AGUILERA;RN;5123;27.36;;XX
VILLARRICA;2021;254. GERMAN VERGARA LAGOS;IND;6199;33.11;Electo;IND
VILLARRICA;2021;255. ALEJANDRA AILLAPAN HUIRIQUEO;IND;3704;19.78;;IND
CORRAL;2021;250. MARILA BARRIENTOS TRIVIÑOS;PPD;725;22.67;;K
CORRAL;2021;251. VIOLETA DEL CARMEN PEREZ PAVIE;IND;71;2.22;;M
CORRAL;2021;252. ROSIEL ENRIQUE GONZALEZ GALINDO;IND;101;3.16;;XS
CORRAL;2021;253. JESICA BARRIENTOS DURAN;EVOPOLI;215;6.72;;XX
CORRAL;2021;254. JUAN MANUEL GALINDO LAVADOS;IND;941;29.42;;IND
CORRAL;2021;255. MIGUEL ENRIQUE HERNANDEZ MELLA;IND;1145;35.8;Electo;IND
FUTRONO;2021;250. SARITA JARAMILLO ARISMENDI;PPD;2188;37.52;;K
FUTRONO;2021;251. JOSE CLENARDO ALVARADO CUEVAS;IND;935;16.03;;XS
FUTRONO;2021;252. CLAUDIO LAVADO CASTRO;UDI;2708;46.44;Electo;XX
LA UNION;2021;250. ANDRES REINOSO CARRILLO;PS;5843;44.09;Electo;K
LA UNION;2021;251. ALDO RODRIGO PINUER SOLIS;IND;4753;35.87;;XX
LA UNION;2021;252. SATURNINO CASIMIRO QUEZADA SOLIS;IND;2655;20.04;;IND
LAGO RANCO;2021;250. JORGE FIGUEROA FUENTES;PPD;805;20.91;;K
LAGO RANCO;2021;251. MIGUEL MEZA SHWENKE;RN;3044;79.09;Electo;XX
LANCO;2021;250. JUAN ROCHA AGUILERA;PS;2764;41.28;Electo;K
LANCO;2021;251. ROLANDO PEÑA RIQUELME;RN;2120;31.66;;XX
LANCO;2021;252. WILSON CANTERO MICHILLANCA;PEV;222;3.32;;XZ
LANCO;2021;253. JAIME NIBALDO GARRIDO RAMOS;IND;301;4.5;;IND
LANCO;2021;254. MARCELA OLIVERA MONTERO;IND;1289;19.25;;IND
LOS LAGOS;2021;250. ALDO EMILIO RETAMAL ARRIAGADA;PCCH;3981;55.02;Electo;M
LOS LAGOS;2021;251. HUGO SEGUNDO SILVA SANCHEZ;RN;1367;18.89;;XX
LOS LAGOS;2021;252. SAMUEL IVAN TORRES SEPULVEDA;IND;1887;26.08;;IND
MAFIL;2021;250. CLAUDIO DAVID SEPULVEDA MIRANDA;PPD;1552;43.74;Electo;K
MAFIL;2021;251. LEONARDO ALEJANDRO MUÑOZ VALLEJOS;IND;717;20.21;;M
MAFIL;2021;252. GUILLERMO SOTO ORTEGA;RN;1279;36.05;;XX
MARIQUINA;2021;250. PAMELA DORNEMANN ROJAS;IND;3138;38.11;;K
MARIQUINA;2021;251. GUILLERMO ROLANDO MITRE GATICA;IND;3210;38.98;Electo;XX
MARIQUINA;2021;252. ERWIN CONRADO PACHECO AYALA;IND;1886;22.91;;IND
PAILLACO;2021;250. JOSE TEOBALDO ARAVENA PEREZ;PCCH;3046;36.61;;M
PAILLACO;2021;251. RUTH LUCY CASTILLO PRIETO;PDC;1182;14.21;;XU
PAILLACO;2021;252. MARIO SCHMEISSER MUÑOZ;RN;756;9.09;;XX
PAILLACO;2021;253. MIGUEL ANGEL CARRASCO GARCIA;IND;3335;40.09;Electo;IND
PANGUIPULLI;2021;250. RODRIGO FERNANDO VALDIVIA ORIAS;PS;3141;26.57;;K
PANGUIPULLI;2021;251. RODRIGO ALONSO MANZANO BARRIENTOS;PCCH;597;5.05;;M
PANGUIPULLI;2021;252. PABLO ALEJANDRO SANDOVAL JARA;IND;2092;17.7;;XX
PANGUIPULLI;2021;253. SANDRA ERIKA AÑUAL HENRIQUEZ;IND;2275;19.25;;IND
PANGUIPULLI;2021;254. PEDRO JAVIER BURGOS VASQUEZ;IND;3716;31.44;Electo;IND
RIO BUENO;2021;250. DIEGO FLORES VERA;PS;2854;27.38;;K
RIO BUENO;2021;251. CARLOS ANDRES BURGOS MARTINEZ;RD;914;8.77;;XS
RIO BUENO;2021;252. CAROLINA ANDREA SILVA PEREZ;IND;3384;32.47;Electo;XX
RIO BUENO;2021;253. ALVARO JOSE RAMIREZ MEDINA;IND;1111;10.66;;IND
RIO BUENO;2021;254. VICTOR DOMINGO VIDAL MUJICA;IND;2160;20.72;;IND
VALDIVIA;2021;250. CARLA ANDREA AMTMANN FECCI;RD;29226;49.39;Electo;XS
VALDIVIA;2021;251. GONZALO ESPINOZA PEREZ;PDC;2892;4.89;;XU
VALDIVIA;2021;252. OMAR SABAT GUZMAN;IND;14016;23.69;;XX
VALDIVIA;2021;253. CESAR COLLAO ALVAREZ;IND;5037;8.51;;XZ
VALDIVIA;2021;254. FELIPE ANDRES RIFFO MAECHEL;IND;7997;13.52;;IND
ANCUD;2021;250. JOSE IVAN BARRIA BARRIA;PRO;516;3.4;;XU
ANCUD;2021;251. ALIRO CAIMAPO OYARZO;UDI;1380;9.1;;XX
ANCUD;2021;252. RICARDO LAGNO CRUCES;IND;1168;7.7;;IND
ANCUD;2021;253. CARLOS GOMEZ MIRANDA;IND;5809;38.32;Electo;IND
ANCUD;2021;254. ANDRES OJEDA CARE;IND;5723;37.75;;IND
ANCUD;2021;255. SELIM BARRIA BARRIA;IND;565;3.73;;IND
CALBUCO;2021;250. MARIA TRANSITO VELASQUEZ CAICO;IND;400;3.15;;XS
CALBUCO;2021;251. MARCO SILVA MALDONADO;PDC;2303;18.16;;XU
CALBUCO;2021;252. PEDRO ENRIQUE YAÑEZ URIBE;IND;2096;16.52;;XX
CALBUCO;2021;253. JUAN FRANCISCO CALBUCOY GUERRERO;IND;3272;25.8;Electo;IND
CALBUCO;2021;254. TANIA BERMUDEZ OYARZO;IND;576;4.54;;IND
CALBUCO;2021;255. JUAN CARLOS MANSILLA VILLARROEL;IND;452;3.56;;IND
CALBUCO;2021;256. JAIME ANDRES CARDENAS ALVARADO;IND;1691;13.33;;IND
CALBUCO;2021;257. PAULINO DIAZ RUIZ;IND;991;7.81;;IND
CALBUCO;2021;258. FELIPE MALUENDA ARAYA;IND;903;7.12;;IND
CASTRO;2021;250. MARCELO MALAGUEÑO MAIRA;PR;4390;30.06;;K
CASTRO;2021;251. JUAN EDUARDO VERA SANHUEZA;IND;10215;69.94;Electo;XX
CHAITEN;2021;250. PEDRO RONNY VASQUEZ CELEDON;IND;1223;51.58;Electo;K
CHAITEN;2021;251. MARIA CLARA LAZCANO FERNANDEZ;RN;1148;48.42;;XX
CHONCHI;2021;250. CAROLA CHAMIA DIAZ;PDC;1222;19.03;;XU
CHONCHI;2021;251. FERNANDO OYARZUN MACIAS;RN;3309;51.52;Electo;XX
CHONCHI;2021;252. PEDRO ANDRADE OYARZUN;IND;1645;25.61;;IND
CHONCHI;2021;253. JOSE NAVARRO OYARZO;IND;247;3.85;;IND
COCHAMO;2021;250. MARCELA CHAVEZ CHAVEZ;PPD;181;8.85;;K
COCHAMO;2021;251. SERGIO DEL CARMEN TELLEZ BARRIA;PRI;240;11.73;;XX
COCHAMO;2021;252. FELIPE CIELORKO BERRIOS;IND;19;0.93;;XZ
COCHAMO;2021;253. ELISEO BAHAMONDE TURRA;IND;513;25.07;;IND
COCHAMO;2021;254. VICTOR ERNESTO VACCARO ESCUDERO;IND;312;15.25;;IND
COCHAMO;2021;255. MARIO MUÑOZ DELGADO;IND;95;4.64;;IND
COCHAMO;2021;256. JESUS SILVERIO MORALES ROSALES;IND;686;33.53;Electo;IND
CURACO DE VELEZ;2021;250. JAVIERA YAÑEZ REBOLLEDO;IND;1391;58.89;Electo;K
CURACO DE VELEZ;2021;251. VICTOR ILNAO ILNAO;IND;971;41.11;;XX
DALCAHUE;2021;250. RAMIRO DEL CARMEN BARRIA BORQUEZ;PR;499;8.98;;K
DALCAHUE;2021;251. JUAN HIJERRA SERON;IND;2692;48.46;Electo;XX
DALCAHUE;2021;252. JUAN CARLOS SOTO CARDENAS;IND;2364;42.56;;IND
FRESIA;2021;250. FABIAN IGNACIO NAIL ALVAREZ;IND;582;10.35;;XS
FRESIA;2021;251. JOSE MIGUEL CARDENAS BARRIA;PDC;2592;46.09;Electo;XU
FRESIA;2021;252. CESAR NEGRON BARRIA;RN;2450;43.56;;XX
FRUTILLAR;2021;250. CESAR HUENUQUEO MALDONADO;PS;4538;58.04;Electo;K
FRUTILLAR;2021;251. CLAUS LINDEMANN VIERTH;RN;3281;41.96;;XX
FUTALEUFU;2021;250. JUAN GATICA BARRIENTOS;PR;95;5.88;;K
FUTALEUFU;2021;251. PATRICIA AGUILA ROSAS;IND;65;4.02;;XX
FUTALEUFU;2021;252. ALEJANDRO AVELLO BASCUR;IND;787;48.73;Electo;IND
FUTALEUFU;2021;253. FERNANDO GRANDON DOMKE;IND;595;36.84;;IND
FUTALEUFU;2021;254. MARIA ISABEL NAVARRETE ORTEGA;IND;73;4.52;;IND
HUALAIHUE;2021;250. VICTOR RENE SALAZAR ZARATE;IND;140;3.2;;XS
HUALAIHUE;2021;251. SERGIO ANTIÑIRRE GALLARDO;PDC;543;12.4;;XU
HUALAIHUE;2021;252. FELIX EDUARDO VARGAS COTIART;RN;832;19;;XX
HUALAIHUE;2021;253. CRISTINA ESPINOZA OJEDA;IND;2165;49.45;Electo;IND
HUALAIHUE;2021;254. ROLANDO URIBE RUIZ;IND;698;15.94;;IND
LLANQUIHUE;2021;250. VICTOR RUBEN ANGULO MUÑOZ;PDC;4682;67.11;Electo;XU
LLANQUIHUE;2021;251. JUAN ANDRADE BARRIA;RN;652;9.34;;XX
LLANQUIHUE;2021;252. FRANCISCO JAVIER VASQUEZ ALMONACID;IND;1643;23.55;;IND
LOS MUERMOS;2021;250. ANTONIO GALLARDO CAILEO;IND;2981;45.17;;K
LOS MUERMOS;2021;251. SERGIO HAEGER YUNGE;UDI;3618;54.83;Electo;XX
MAULLIN;2021;250. JORGE JOHN WESTERMEIER ESTRADA;PDC;3008;46.09;;XU
MAULLIN;2021;251. NABIH SOZA CARDENAS;IND;3518;53.91;Electo;XX
OSORNO;2021;250. EMETERIO CARRILLO TORRES;PDC;18855;37.8;Electo;XU
OSORNO;2021;251. XIMENA ACUÑA MANSILLA;RN;14602;29.27;;XX
OSORNO;2021;252. OSVALDO HERNANDEZ KRAUSE;IND;9238;18.52;;IND
OSORNO;2021;253. MARCELO ALEJANDRO ANUCH MEDINA;IND;7184;14.4;;IND
PALENA;2021;250. RICARDO SOTO SAID;PDC;141;11.8;;XU
PALENA;2021;251. JULIO DELGADO RETAMAL;RN;358;29.96;Electo;XX
PALENA;2021;252. JAIME CHAVEZ ALARCON;IND;342;28.62;;IND
PALENA;2021;253. WILLY OCTAVIO ROSAS DELGADO;IND;354;29.62;;IND
PUERTO MONTT;2021;250. GERVOY PAREDES ROJAS;PS;36635;52.25;Electo;K
PUERTO MONTT;2021;251. RODRIGO WAINRAIHGT GALILEA;RN;33474;47.75;;XX
PUERTO OCTAY;2021;250. GERARDO AUGUSTO GUNCKEL ARRIAGADA;IND;2006;50.9;Electo;K
PUERTO OCTAY;2021;251. MARIA ELENA OJEDA BETANCOURT;UDI;1935;49.1;;XX
PUERTO VARAS;2021;250. VICTOR NAIL ALVARADO;PS;2557;12.84;;K
PUERTO VARAS;2021;251. RAMON BAHAMONDE CEA;IND;3301;16.58;;IND
PUERTO VARAS;2021;252. VICTOR HUGO IRRIBARRA VILLAGRAN;IND;610;3.06;;IND
PUERTO VARAS;2021;253. LUIS BECERRA VARGAS;IND;2474;12.43;;IND
PUERTO VARAS;2021;254. RENATO AICHELE HORN;IND;5290;26.57;;IND
PUERTO VARAS;2021;255. TOMAS GARATE SILVA;IND;5677;28.51;Electo;IND
PUQUELDON;2021;250. JOSE RODRIGO OJEDA CARDENAS;IND;1119;46.53;Electo;XU
PUQUELDON;2021;251. ALEJANDRO CARDENAS QUEZADA;IND;563;23.41;;XX
PUQUELDON;2021;252. ELSON NOLBERTO CARCAMO BARRIA;IND;478;19.88;;IND
PUQUELDON;2021;253. RODRIGO RUIZ DIAZ;IND;245;10.19;;IND
PURRANQUE;2021;250. ISIDORO RODOLFO BARQUIN PARDO;IND;2565;34.32;;XE
PURRANQUE;2021;251. CESAR IVAN CROT VARGAS;PDC;3849;51.5;Electo;XU
PURRANQUE;2021;252. SELMA BETY SILVA OYARZUN;IND;1060;14.18;;XX
PUYEHUE;2021;250. RENATO URIBE MANZANO;PS;2675;48.49;;K
PUYEHUE;2021;251. JIMENA NUÑEZ MORALES;UDI;2842;51.51;Electo;XX
QUEILEN;2021;250. MARCOS PATRICIO VARGAS OYARZUN;PDC;1730;50;Electo;XU
QUEILEN;2021;251. MANUEL GODOY VELASQUEZ;UDI;1166;33.7;;XX
QUEILEN;2021;252. ROMELIO BORQUEZ HIDALGO;IND;564;16.3;;IND
QUELLON;2021;250. CRISTIAN FELIPE OJEDA CHIGUAY;PDC;5449;65.12;Electo;XU
QUELLON;2021;251. PATRICIO ALTAMIRANO BARRIAS;RN;1460;17.45;;XX
QUELLON;2021;252. PAULA ANDREA MILLACURA TORRES;IND;1458;17.43;;IND
QUEMCHI;2021;250. LUIS MACIAS DEMARCHI;IND;2124;52.85;Electo;K
QUEMCHI;2021;251. GUSTAVO LOBOS MARIN;UDI;1254;31.2;;XX
QUEMCHI;2021;252. PATRICIO JAVIER BARRIA ALVAREZ;IND;641;15.95;;IND
QUINCHAO;2021;250. SERGIO AGUERO DIAZ;IND;1146;27.9;;K
QUINCHAO;2021;251. WASHINGTON ULLOA VILLARROEL;UDI;915;22.27;;XX
QUINCHAO;2021;252. RENE GARCES ALVAREZ;IND;2047;49.83;Electo;IND
RIO NEGRO;2021;250. CLAUDIA PAILALEF MONTIEL;PS;1925;31.74;;K
RIO NEGRO;2021;251. SEBASTIAN CRUZAT CARCAMO;RN;2487;41.01;Electo;XX
RIO NEGRO;2021;252. MARCOS GUZMAN VARGAS;IND;293;4.83;;IND
RIO NEGRO;2021;253. CLAUDIO GAVILAN DIAZ;IND;1360;22.42;;IND
SAN JUAN DE LA COSTA;2021;250. BERNARDO CANDIA HENRIQUEZ;PDC;1548;39.84;Electo;XU
SAN JUAN DE LA COSTA;2021;251. MARGOT BARRIENTOS MOLINA;IND;1160;29.85;;IND
SAN JUAN DE LA COSTA;2021;252. PROSPERINA QUEUPUAN CHEUQUIAN;IND;1178;30.31;;IND
SAN PABLO;2021;250. ELIAS HUANQUILEN ANCATRIPAY;PS;1636;32.92;;K
SAN PABLO;2021;251. JUAN CARLOS SOTO CAUCAU;RN;2561;51.53;Electo;XX
SAN PABLO;2021;252. ENRIQUE CARDENAS CHANDIA;IND;573;11.53;;IND
SAN PABLO;2021;253. BRENDA JARA SEPULVEDA;IND;200;4.02;;IND
AYSEN;2021;250. JULIO ESTEBAN CONFUCIO URIBE ALVARADO;IND;4167;44.81;Electo;K
AYSEN;2021;251. FERNANDO ANDRES MIRANDA MONSALVE;PCCH;217;2.33;;M
AYSEN;2021;252. LUIS MARTINEZ GALLARDO;UDI;4128;44.39;;XX
AYSEN;2021;253. GUIDO JARAMILLO VERA;IND;787;8.46;;IND
CHILE CHICO;2021;250. RICARDO ENRIQUE IBARRA VALDEBENITO;PDC;821;31.11;;XU
CHILE CHICO;2021;251. LILIAN INOSTROZA PARRA;UDI;566;21.45;;XX
CHILE CHICO;2021;252. LUPERCIANO SEGUNDO MUÑOZ GONZALEZ;IND;954;36.15;Electo;IND
CHILE CHICO;2021;253. ERWIN BENEDICTO AGUILA MARIN;IND;298;11.29;;IND
CISNES;2021;250. GLORIA CADAGAN OPAZO;IND;1117;45.11;;K
CISNES;2021;251. FRANCISCO RONCAGLIOLO LEPIO;RN;1162;46.93;Electo;XX
CISNES;2021;252. SONIA NATASHA CAROLINA VARGAS PARADA;IND;197;7.96;;IND
COCHRANE;2021;250. JORGE CALDERON NUÑEZ;PR;1096;59.12;Electo;K
COCHRANE;2021;251. ADA FIGUEROA GALLARDO;RN;758;40.88;;XX
COYHAIQUE;2021;250. JUAN ENRIQUE CATALAN JARA;PCCH;4193;21.86;;M
COYHAIQUE;2021;251. CARLOS GATICA VILLEGAS;PDC;7801;40.68;Electo;XU
COYHAIQUE;2021;252. EUGENIO ALEJANDRO CANALES CANALES;IND;7184;37.46;;XX
GUAITECAS;2021;250. MARCOS SILVA MIRANDA;PPD;423;43.25;Electo;K
GUAITECAS;2021;251. VICTOR CLAUDIO ALVAREZ HEREDIA;IND;56;5.73;;XU
GUAITECAS;2021;252. JUAN CARLOS BARRIA CARDENAS;RN;160;16.36;;XX
GUAITECAS;2021;253. ANITA GLORIA BELLO ABURTO;IND;15;1.53;;IND
GUAITECAS;2021;254. VICTORINO ANTONIO SAAVEDRA GARCIA;IND;324;33.13;;IND
LAGO VERDE;2021;250. CLAUDIA ANDREA VALDES VASQUEZ;PR;330;37.46;;K
LAGO VERDE;2021;251. NELSON OPAZO LOPEZ;UDI;401;45.52;Electo;XX
LAGO VERDE;2021;252. LUIS RAUL OYARZO LONCOCHINO;IND;150;17.03;;IND
OHIGGINS;2021;250. JOSE CLAUDIO FICA GOMEZ;PDC;205;42.62;Electo;XU
OHIGGINS;2021;251. ROBERTO RECABAL CARCAMO;IND;199;41.37;;XX
OHIGGINS;2021;252. HANS LUIS SILVA GOMEZ;IND;77;16.01;;IND
RIO IBANEZ;2021;250. MARCELO SANTANA VARGAS;UDI;1088;69.61;Electo;XX
RIO IBANEZ;2021;251. PAULO CESAR VERA FUENTES;IND;475;30.39;;IND
TORTEL;2021;250. ABEL ALBINO BECERRA VIDAL;IND;181;42;Electo;K
TORTEL;2021;251. MARIA ANGELICA CRUCES CHODIL;EVOPOLI;72;16.71;;XX
TORTEL;2021;252. NELIDA ANDREA MUÑOZ VARGAS;IND;178;41.3;;IND
CABO DE HORNOS;2021;250. PATRICIO FERNANDEZ ALARCON;PDC;449;51.61;Electo;XU
CABO DE HORNOS;2021;251. ANGELA DANIELA BARRIA BARRIENTOS;RN;359;41.26;;XX
CABO DE HORNOS;2021;252. JULIO RAFAEL LORENZO FLANEGA PALMA;IND;62;7.13;;IND
LAGUNA BLANCA;2021;250. FERNANDO OJEDA GONZALEZ;PS;171;38.08;Electo;K
LAGUNA BLANCA;2021;251. NELSON CANIU COLIVORO;UDI;140;31.18;;XX
LAGUNA BLANCA;2021;252. JAIME ARTEAGA VERA;IND;138;30.73;;IND
NATALES;2021;250. JOSE CUYUL ROGEL;PS;267;3.11;;K
NATALES;2021;251. ANA MAYORGA BAHAMONDE;UDI;3008;35.07;;XX
NATALES;2021;252. ANTONIETA OYARZO ALVARADO;IND;5092;59.37;Electo;IND
NATALES;2021;253. FELIPE MUÑOZ MUÑOZ;IND;210;2.45;;IND
PORVENIR;2021;250. MARISOL ANDRADE CARDENAS;PDC;784;32.34;;XU
PORVENIR;2021;251. ANDREA CUEVAS CARDENAS;IND;199;8.21;;XX
PORVENIR;2021;252. MARIO LUIS CARCAMO NORAMBUENA;IND;230;9.49;;IND
PORVENIR;2021;253. JOSE GABRIEL PARADA AGUILAR;IND;1211;49.96;Electo;IND
PRIMAVERA;2021;250. BLAGOMIR FERNANDO BRZTILO AVENDAÑO;PDC;300;55.05;Electo;XU
PRIMAVERA;2021;251. JUAN VERGARA GARAY;IND;242;44.4;;XX
PRIMAVERA;2021;252. PABLO ANDRES TASCON ESPAÑA;IND;3;0.55;;IND
PUNTA ARENAS;2021;250. ARTURO DIAZ VALDERRAMA;IND;13435;28.94;;XS
PUNTA ARENAS;2021;251. CLAUDIO RADONICH JIMENEZ;RN;21879;47.13;Electo;XX
PUNTA ARENAS;2021;252. LUIS RICARDO LEGAZA SOTO;IND;11109;23.93;;IND
RIO VERDE;2021;250. SABINA BALLESTEROS VARGAS;UDI;296;60.78;Electo;XX
RIO VERDE;2021;251. LJUBICA DRPIC IVELICH;IND;191;39.22;;IND
SAN GREGORIO;2021;250. JEANNETTE ISABEL ANDRADE RUIZ;PDC;217;56.66;Electo;XU
SAN GREGORIO;2021;251. EDGAR CARCAMO ALDERETE;IND;166;43.34;;XX
TIMAUKEL;2021;250. MARCOS MARTIC HAROS;RN;169;48.56;;XX
TIMAUKEL;2021;251. LUIS BARRIA ANDRADE;IND;179;51.44;Electo;IND
TORRES DEL PAINE;2021;250. JUAN BARRIA BAHAMONDE;PS;221;19.52;;K
TORRES DEL PAINE;2021;251. ROBERTO CARDENAS SILVA;IND;387;34.19;;XX
TORRES DEL PAINE;2021;252. ANAHI CARDENAS RODRIGUEZ;IND;524;46.29;Electo;IND